video_url,problem
https://www.youtube.com/embed/5OdDk5yzevE?autoplay=0,broken_link
https://www.youtube.com/embed/C4bXjb9lrb4?autoplay=0,broken_link
https://www.youtube.com/embed/8sp0jzzfsds?autoplay=0,broken_link
https://www.youtube.com/embed/APxUJmZNzqw?autoplay=0,none_english
https://www.youtube.com/embed/iYQtiWrF6H0?autoplay=0,none_english
https://www.youtube.com/embed/mwOOXLC23BE?autoplay=0,none_english
https://www.youtube.com/embed/wjnrUCtTzvo?autoplay=0,none_english
https://www.youtube.com/embed/sxz-xvr-7cs?autoplay=0,none_english
https://www.youtube.com/embed/5bKEHD0w_qc?autoplay=0,none_english
https://www.youtube.com/embed/FKRXCFflakc?autoplay=0,none_english
https://www.youtube.com/embed/rgFs86vSKSk?autoplay=0,none_english
https://www.youtube.com/embed/uRU-sRJdfmM?autoplay=0,none_english
https://www.youtube.com/embed/vQ8xdKy2RFM?autoplay=0,none_english
https://www.youtube.com/embed/WT8Ltlb4PGg?autoplay=0,none_english
https://www.youtube.com/embed/78Fb1qUR8Y8?autoplay=0,none_english
https://www.youtube.com/embed/D_18E2F8nkI?autoplay=0,none_english
https://www.youtube.com/embed/FdNy2oukSJY?autoplay=0,none_english
https://www.youtube.com/embed/JvoEtd2t4ro?autoplay=0,none_english
https://www.youtube.com/embed/zWOSdZWCO9k?autoplay=0,none_english
https://www.youtube.com/embed/mmIRe9Q4V8w?autoplay=0,none_english
https://www.youtube.com/embed/IzSykIrleXg?autoplay=0,none_english
https://www.youtube.com/embed/6J_dNTgvPXA?autoplay=0,none_english
https://www.youtube.com/embed/P22SXxDuJ8Y?autoplay=0,none_english
https://www.youtube.com/embed/7P53SXEudBk?autoplay=0,none_english
https://www.youtube.com/embed/67bWwGOXeuI?autoplay=0,none_english
https://www.youtube.com/embed/HZy8qPovz5Y?autoplay=0,none_english
https://www.youtube.com/embed/Hql0YFzNp-U?autoplay=0,none_english
https://www.youtube.com/embed/mbB9gutKEG0?autoplay=0,none_english
https://www.youtube.com/embed/uekup9IuwrM?autoplay=0,none_english
https://www.youtube.com/embed/0xv6TIEqxCU?autoplay=0,none_english
https://www.youtube.com/embed/C9ms3kVRYvk?autoplay=0,none_english
https://www.youtube.com/embed/pd_r4igH6Hw?autoplay=0,none_english
https://www.youtube.com/embed/YHfZf12w0S8?autoplay=0,none_english
https://www.youtube.com/embed/QIpxdLU4ETc?autoplay=0,private_video
https://www.youtube.com/embed/zyCmsldG3qk?autoplay=0,private_video
https://www.youtube.com/embed/UxnRcVTt07g?autoplay=0,private_video
https://www.youtube.com/embed/ORex11pHpVY?autoplay=0,private_video
https://www.youtube.com/embed/JTvHW-JLxqY?autoplay=0,removed_video
https://www.youtube.com/embed/o6NcRvdQH2U?autoplay=0,removed_video
https://www.youtube.com/embed/XZdrBrq-iXM?autoplay=0,removed_video
https://www.youtube.com/embed/FNsQkYlJGKk?autoplay=0,removed_video
https://www.youtube.com/embed/mkgCuhs4Ed8?autoplay=0,removed_video
https://www.youtube.com/embed/P4Z3rfORr3g?autoplay=0,removed_video
https://www.youtube.com/embed/LV66qB3ITFU?autoplay=0,removed_video
https://www.youtube.com/embed/9R3Q95eePNA?autoplay=0,removed_video
https://www.youtube.com/embed/TpZ2qEpjXhw?autoplay=0,removed_video
https://www.youtube.com/embed/Rd-1e-VE2lQ?autoplay=0,removed_video
https://www.youtube.com/embed/FNZIIkUbCb8?autoplay=0,removed_video