channel_name,video_id,title,video_length,video_url
BattleTV,dCs3mHoEnEw,"20,000,000 Tree Planting Live Counts #TeamTrees",0.0,https://www.youtube.com/embed/dCs3mHoEnEw?autoplay=0
DR.Dragon 420,qfKM5meq8nU,Screaming pewdiepie #teamtrees,2.0,https://www.youtube.com/embed/qfKM5meq8nU?autoplay=0
AppleDude,z7H3pDdJ6t8,"Day 1 of donating $1 everyday to #teamtrees till $20,000,000",6.0,https://www.youtube.com/embed/z7H3pDdJ6t8?autoplay=0
BennyG Playz,GPEt2b5L_qI,That moment Plants Vs zombies donated 500k to Team Trees (Team Trees 17 mil),12.0,https://www.youtube.com/embed/GPEt2b5L_qI?autoplay=0
It's Easy,_-nod7RKIIU,#teamtrees,13.0,https://www.youtube.com/embed/_-nod7RKIIU?autoplay=0
This is a human Lol,bQVfAB1kCYU,content to prove I no oof. #teamtrees #animation #flipaclip #thisisahumanlol,14.0,https://www.youtube.com/embed/bQVfAB1kCYU?autoplay=0
Elmations,q_e47QXH_HQ,Save da trees !!üå≤#TeamTrees,15.0,https://www.youtube.com/embed/q_e47QXH_HQ?autoplay=0
Burnt_Toast,6kt0T0r-Kuk,i plant a tree for #teamtrees,15.0,https://www.youtube.com/embed/6kt0T0r-Kuk?autoplay=0
Muneercoolkidd Gamer,ILLR41JhhbA,20 years later after MrBeast plants 20 million trees... #teamtrees,17.0,https://www.youtube.com/embed/ILLR41JhhbA?autoplay=0
CedDrawsNear,1zjWZTiOCyA,CedDrawsNear on #TeamTrees,19.0,https://www.youtube.com/embed/1zjWZTiOCyA?autoplay=0
MisceryYT,FcK5VpsXHpI,Save The Trees! #teamtrees,19.0,https://www.youtube.com/embed/FcK5VpsXHpI?autoplay=0
BiteSizedBits,rX29UBkP5_A,Don't Be A Steve - #TeamTrees,20.0,https://www.youtube.com/embed/rX29UBkP5_A?autoplay=0
PlaydohSnek,XFxPPWpzNd4,The Global Warming Cat Disapproves Mr.Beast #TeamTrees,21.0,https://www.youtube.com/embed/XFxPPWpzNd4?autoplay=0
MiffedCrew,-y61pNr8k60,Baby Foxy FNAF SFM Animation - Let's plant 20 milion trees #teamtrees,24.0,https://www.youtube.com/embed/-y61pNr8k60?autoplay=0
TheMammottGamer,ALqQpYzGB_U,"Plants Vs. Zombies donates 500,000 trees to #TeamTrees! (also 17M trees)",24.0,https://www.youtube.com/embed/ALqQpYzGB_U?autoplay=0
STEP77,Ca7k3R4aGtk,"When Elon Musk donated $1,000,000 to team trees [MEME]",24.0,https://www.youtube.com/embed/Ca7k3R4aGtk?autoplay=0
Gingie,GSuWsJXRPOk,20 MILLION TREES! #TeamTrees,25.0,https://www.youtube.com/embed/GSuWsJXRPOk?autoplay=0
Liquid Zoo Productions,PJX4tEkpTXA,Tree vidoe #TeamTrees,27.0,https://www.youtube.com/embed/PJX4tEkpTXA?autoplay=0
Rike Games,I6GhfoM2HE0,Magic Trees - magical relaxing (by Rike Games). Mobile Game to support #TeamTrees.,30.0,https://www.youtube.com/embed/I6GhfoM2HE0?autoplay=0
pwnyy,h4gKd6YEciY,#TeamTrees Trees Planted (2 MILLION% Speed Timelapse),31.0,https://www.youtube.com/embed/h4gKd6YEciY?autoplay=0
Mark Conlow,j1f68pu1_C4,#teamtrees RAP!!!!!!!!!,31.0,https://www.youtube.com/embed/j1f68pu1_C4?autoplay=0
Ian_does_things,dwmnAfrTN-g,#teamtrees - A Song (DONATE TODAY!!!),31.0,https://www.youtube.com/embed/dwmnAfrTN-g?autoplay=0
SappyFX,MqsnABVT-wA,#TeamTrees | 2D Template | No Plugins | 20 mil trees!!,32.0,https://www.youtube.com/embed/MqsnABVT-wA?autoplay=0
Visiq Flushy,mDAJ2vxsa7k,"Planting 20,000,000 Trees #teamtrees",37.0,https://www.youtube.com/embed/mDAJ2vxsa7k?autoplay=0
music crow,ZQf1raWRmrQ,Mr Beast - Live Tree Planting Counter - Team Trees,37.0,https://www.youtube.com/embed/ZQf1raWRmrQ?autoplay=0
Juju Playz,kvrwbIXrKhM,HELP SAVE THE EARTH! #TeamTrees,38.0,https://www.youtube.com/embed/kvrwbIXrKhM?autoplay=0
The Weird Part of Youtube,FZY5OvdnGD8,Donate to Team Trees,38.0,https://www.youtube.com/embed/FZY5OvdnGD8?autoplay=0
JTR Productions,pm2uj1jddwE,Pyro From TF2 Tells You To Plant Trees [ASMR] | #TeamTrees,39.0,https://www.youtube.com/embed/pm2uj1jddwE?autoplay=0
ReddishEarth,jaJOYbr96sU,RE: #TeamTrees,47.0,https://www.youtube.com/embed/jaJOYbr96sU?autoplay=0
Insanitanium,yVT41UoJBXM,Top 10 #teamtrees donators,48.0,https://www.youtube.com/embed/yVT41UoJBXM?autoplay=0
Steelorse,IBRQA3CzWs4,#TeamTrees,49.0,https://www.youtube.com/embed/IBRQA3CzWs4?autoplay=0
Campus Movie Fest,WH6blX2Cafk,Team Trees,51.0,https://www.youtube.com/embed/WH6blX2Cafk?autoplay=0
Funnymations Studios,wpCKfvlnRmo,ShortVideo: The Tree #teamtrees | Funnymations Season 3,53.0,https://www.youtube.com/embed/wpCKfvlnRmo?autoplay=0
Daily Clickbait,5TEDhySjOQM,How Did #teamtrees Begin?,53.0,https://www.youtube.com/embed/5TEDhySjOQM?autoplay=0
ScamFinder,28ct2NPJPps,Teamtrees - scam or real project? Should you believe in Team Trees?,53.0,https://www.youtube.com/embed/28ct2NPJPps?autoplay=0
Venatix,BF_fJgP6VYU,#TeamTrees Ad Appeared in Times Square on a MASSIVE Tower,54.0,https://www.youtube.com/embed/BF_fJgP6VYU?autoplay=0
Cloud Pop,zyCmsldG3qk,Dear 2045. #saveourplanet #teamtrees #savetheocean,56.0,https://www.youtube.com/embed/zyCmsldG3qk?autoplay=0
NICO_THE_PRO,qQzBYO9Ychg,UNFAIR TREES OFFICIAL TRAILER! #TeamTrees,57.0,https://www.youtube.com/embed/qQzBYO9Ychg?autoplay=0
RandomPolishGuy,AD3ivXp6xPM,Legendary Mr. Beast Planting Trees - Join #TeamTrees,57.0,https://www.youtube.com/embed/AD3ivXp6xPM?autoplay=0
TED-Ed,TRIBbTo5Svc,Let‚Äôs plant 20 million trees together! #TeamTrees,61.0,https://www.youtube.com/embed/TRIBbTo5Svc?autoplay=0
Never Miss a Deal Again,lJVteWUTuVE,Top 10 #TeamTrees Hoodies 2019 - Plant A Tree Around The Globe,61.0,https://www.youtube.com/embed/lJVteWUTuVE?autoplay=0
PsycheWaffles,PYsaQbZWiaI,Team Trees! :D #TeamTrees,62.0,https://www.youtube.com/embed/PYsaQbZWiaI?autoplay=0
SubscribeLenover,Sm8u-6HAnw0,Team Trees - A Minecraft Server Commercial,62.0,https://www.youtube.com/embed/Sm8u-6HAnw0?autoplay=0
PurpleAsianYT,5wzFCBZrxd4,Turkey Morty plants 20 Million Trees #TeamTrees,63.0,https://www.youtube.com/embed/5wzFCBZrxd4?autoplay=0
DARKLE,IFlwwFGJ4L8,Goose Environmental Rap ¬¶ #teamtrees,63.0,https://www.youtube.com/embed/IFlwwFGJ4L8?autoplay=0
7 Sage Labs,VY5EvRwH588,SciFact: World's Most Dangerous Tree #TeamTrees,63.0,https://www.youtube.com/embed/VY5EvRwH588?autoplay=0
Voipeak,QIpxdLU4ETc,Let's plant 20 million trees by 2020. #TeamTrees,64.0,https://www.youtube.com/embed/QIpxdLU4ETc?autoplay=0
Magentium,FfjycKKp6Oc,Planting 100 Trees to Help MrBeast #TeamTrees,65.0,https://www.youtube.com/embed/FfjycKKp6Oc?autoplay=0
Gamers Paradise,fS1OAnVWMcI,#TeamTrees reaches 20 Million !!! Highlights of the journey,69.0,https://www.youtube.com/embed/fS1OAnVWMcI?autoplay=0
GrayWalf,TIdHHlxmoyY,"The Lorax but only when they say ""tree"" | #teamtrees",70.0,https://www.youtube.com/embed/TIdHHlxmoyY?autoplay=0
Teens World TV,1p-0iUf-A9Q,MECH-X4 - Help Save The World #TeamTrees,70.0,https://www.youtube.com/embed/1p-0iUf-A9Q?autoplay=0
Little Cat,l7AU39s8nUg,Blueberry Plants a Tree [A Small Toontown Short For #TeamTrees],70.0,https://www.youtube.com/embed/l7AU39s8nUg?autoplay=0
Whatyou'dexpect,sXl2zv_rKxM,The Most Important Video I'll Ever Make (#teamtrees),70.0,https://www.youtube.com/embed/sXl2zv_rKxM?autoplay=0
Jesus Christ,G_QiBdZJuCY,Trees #TeamTrees,71.0,https://www.youtube.com/embed/G_QiBdZJuCY?autoplay=0
Dominic Draws,4YV7T64PXiA,Save da tres #TeamTrees,72.0,https://www.youtube.com/embed/4YV7T64PXiA?autoplay=0
RedWhiteandPew,FLKFTh99IWE,Is #TeamTrees Lying to You?,77.0,https://www.youtube.com/embed/FLKFTh99IWE?autoplay=0
Extreme_E FTW,g0hWoDrIx7c,"Helping Mr Beast plant 20,000,000 trees (#TeamTrees)",77.0,https://www.youtube.com/embed/g0hWoDrIx7c?autoplay=0
Elgin,EuSl1dDre4w,LET'S PLANT 20 MILLION BELERICKS! üå± #TEAMTREES,78.0,https://www.youtube.com/embed/EuSl1dDre4w?autoplay=0
TheTalentlessWriter,Zlua9R1l7VE,Why Mr.Beast Started TeamTrees,79.0,https://www.youtube.com/embed/Zlua9R1l7VE?autoplay=0
Captain Argonut 24,axITdRHpGAw,#TeamTrees,81.0,https://www.youtube.com/embed/axITdRHpGAw?autoplay=0
Mont27P,D5U2zMXfabc,#TeamTrees (Minecraft Animation),83.0,https://www.youtube.com/embed/D5U2zMXfabc?autoplay=0
DRC,Y4OrP_c8hfc,SAVE THE PLANET WITH MR BEAST! #teamtrees,84.0,https://www.youtube.com/embed/Y4OrP_c8hfc?autoplay=0
„ÅÇR√∏se,CTkT_Ulkp1c,Dear 2045..  #Saveourplanet #Saveourocean #Teamtrees,84.0,https://www.youtube.com/embed/CTkT_Ulkp1c?autoplay=0
Allanah The Voice Actor,8yEG58ua6oo,Trees [A Tree Video] #TeamTrees,85.0,https://www.youtube.com/embed/8yEG58ua6oo?autoplay=0
SMS Studios,M_NA-rUQMQI,#TEAMTREES,85.0,https://www.youtube.com/embed/M_NA-rUQMQI?autoplay=0
SageTheMemer,CsZfgC5nStU,Planting Trees In Minecraft To Save The World - #TeamTrees,86.0,https://www.youtube.com/embed/CsZfgC5nStU?autoplay=0
VEE CINEMA,GgBSwCLJC-U,LOLBIT JUMPLOVE TO SAVE THE WORLD #TeamTrees,86.0,https://www.youtube.com/embed/GgBSwCLJC-U?autoplay=0
Insanitanium,SojsYT3edLk,The Main #TeamTrees YouTubers,88.0,https://www.youtube.com/embed/SojsYT3edLk?autoplay=0
NaSty-GALAXY,nrCXdQiIx9A,Donate now #teamtrees,88.0,https://www.youtube.com/embed/nrCXdQiIx9A?autoplay=0
Christina Plays Gacha,-wZSlrvGKHk,Dear 2045 #saveourplanet #savetheocean #teamtrees New Years special read desc,90.0,https://www.youtube.com/embed/-wZSlrvGKHk?autoplay=0
hankschannel,YfR1s1tlusE,#TEAMTREES,91.0,https://www.youtube.com/embed/YfR1s1tlusE?autoplay=0
Gulf City,hCOwI8qtcBc,"#TeamTrees  |  FPH Cold Open for October 26, 2019",92.0,https://www.youtube.com/embed/hCOwI8qtcBc?autoplay=0
NOS Jeugdjournaal,uekup9IuwrM,Miljardair doneert een miljoen bomen aan #TeamTrees,95.0,https://www.youtube.com/embed/uekup9IuwrM?autoplay=0
Volkyy,Y40oQ4dmh-I,#TeamTrees ama burasƒ± T√ºrkiye,95.0,https://www.youtube.com/embed/Y40oQ4dmh-I?autoplay=0
CaptainJackAttack,ouxmQoWNebE,20 MILLION TREES in ROBLOX?!... #TeamTrees üå≥,95.0,https://www.youtube.com/embed/ouxmQoWNebE?autoplay=0
AKVedit,f-ve9nA-7u4,"This is so awesome! Planting 20,000,000 Trees! | #teamtrees",96.0,https://www.youtube.com/embed/f-ve9nA-7u4?autoplay=0
GyLala,3TQxsTpywdk,Magic Trees! #TeamTrees [Countryballs Animation],99.0,https://www.youtube.com/embed/3TQxsTpywdk?autoplay=0
RantingOff,SQe0p99hsHU,The last of my monetization revenue goes to #TeamTrees,100.0,https://www.youtube.com/embed/SQe0p99hsHU?autoplay=0
Indow,vs4YMpUmm_A,Indow Helps Plant 20 Million Trees #TeamTrees,102.0,https://www.youtube.com/embed/vs4YMpUmm_A?autoplay=0
PhotoshopSurgeon,XemaFKMVuII,Replanting a FOREST! #TeamTrees,102.0,https://www.youtube.com/embed/XemaFKMVuII?autoplay=0
Bajan Canadian,_8cnPOWFSYI,#teamtrees but with a coconut,104.0,https://www.youtube.com/embed/_8cnPOWFSYI?autoplay=0
JUST MULCH IT,MkJJLU6yacI,We planted 2000 trees! - The Forest Regenerator 3000 - EPIC! #teamtrees - Forestry Mulcher,105.0,https://www.youtube.com/embed/MkJJLU6yacI?autoplay=0
GT4tube,JnY4IpLU0EY,üå≥Planting 20 Million Tree trees in Rust because MrBeast said to #TeamTrees üå≤,106.0,https://www.youtube.com/embed/JnY4IpLU0EY?autoplay=0
ÿ≤Ÿáÿ±ÿßÿ° ŸäŸàŸÜŸäŸÉ zhraa2 unicue,sxz-xvr-7cs,#ÿ£ŸÜŸäŸÖŸäÿ¥ŸÜ || ŸÇÿµÿ© ÿßŸÑÿ£ÿ¥ÿ¨ÿßÿ± #TEAMTREES,107.0,https://www.youtube.com/embed/sxz-xvr-7cs?autoplay=0
DroneSeed,0eqSMC-Ndtk,#teamtrees DroneSeed's Post-Wildfire Reforestation,107.0,https://www.youtube.com/embed/0eqSMC-Ndtk?autoplay=0
RevUpBoys,psLRTLJqDMM,SAVING TREES | MrBeast #TeamTrees,107.0,https://www.youtube.com/embed/psLRTLJqDMM?autoplay=0
The Friendly Reviewer,OC71zf3cGf8,Planting $20 Million Trees with Mr Beast & Mark Rober! #TeamTrees,108.0,https://www.youtube.com/embed/OC71zf3cGf8?autoplay=0
iListen,sMyO0Q_6f2A,#Teamtrees - Help me make a video to support the cause!!,108.0,https://www.youtube.com/embed/sMyO0Q_6f2A?autoplay=0
VLT Sentinel,yfdl6Ijzpr8,"Planting 20,000,000 Trees to save the world #teamtrees",108.0,https://www.youtube.com/embed/yfdl6Ijzpr8?autoplay=0
vidIQ,Pm9rxDSArhQ,"The Moment Elon Musk Donated $1,000,000 to TeamTrees - #Treelon",109.0,https://www.youtube.com/embed/Pm9rxDSArhQ?autoplay=0
MinuteEarth,5sp87LcBZLo,How Much Air Can A Tree Hold? #TeamTrees,109.0,https://www.youtube.com/embed/5sp87LcBZLo?autoplay=0
MartinRBLX,SbFa1jyQzBc,üå≤My new #TeamTrees game! [Play today!]üå≤,111.0,https://www.youtube.com/embed/SbFa1jyQzBc?autoplay=0
Anne Reburn,Pe4pKp5Alt4,A Song for #TeamTrees,112.0,https://www.youtube.com/embed/Pe4pKp5Alt4?autoplay=0
slimmi,LTg_J93Queo,WE plant a tree #teamtrees,112.0,https://www.youtube.com/embed/LTg_J93Queo?autoplay=0
Skyehigh Studios,DeVuApRos8o,#teamtrees 24 HOUR CHARITY FURSUIT MAKING LIVESTREAM,112.0,https://www.youtube.com/embed/DeVuApRos8o?autoplay=0
Data Ghost,ZlYwrPUYOr8,#TeamTrees üå≤ Biggest Donations,114.0,https://www.youtube.com/embed/ZlYwrPUYOr8?autoplay=0
Garrett Plays,wgy1ZxvTbqA,Planting 20 Million Trees #TeamTrees,114.0,https://www.youtube.com/embed/wgy1ZxvTbqA?autoplay=0
Flowerscow,yu_Hl9zrnAk,Planting Trees Minecraft Animation #TeamTrees,115.0,https://www.youtube.com/embed/yu_Hl9zrnAk?autoplay=0
I Need More Space,1rBFpEYRhDw,3 Facts About How Trees Affect Space Travel #TeamTrees,115.0,https://www.youtube.com/embed/1rBFpEYRhDw?autoplay=0
WheezyNews,YAxs1qLXWBE,Saying teamtrees.org 20 MILLION TIMES!!!! (more or less) #teamtrees,116.0,https://www.youtube.com/embed/YAxs1qLXWBE?autoplay=0
B-Rus,-665K6Mu6os,"The Moment when RAK donated $100,000 to #TeamTrees | Moment [03]",116.0,https://www.youtube.com/embed/-665K6Mu6os?autoplay=0
- Da CookieAnimates -,qpU0RfwHv1k,Help Mr.Beast || #TeamTrees || read description!,116.0,https://www.youtube.com/embed/qpU0RfwHv1k?autoplay=0
LDShadowLady,g6JkRxhPAHI,Make a Positive Change üå± #TeamTrees,117.0,https://www.youtube.com/embed/g6JkRxhPAHI?autoplay=0
Grandayy,VqgpU84RC2I,Saving Minecraft ft. CallMeCarson #TeamTrees,117.0,https://www.youtube.com/embed/VqgpU84RC2I?autoplay=0
1TechSketch,Xm1t_e9Y_0w,Save The TREE Pok√©mon!! #TeamTrees,118.0,https://www.youtube.com/embed/Xm1t_e9Y_0w?autoplay=0
Rosh Sillars,Qfx_C498KD4,SECRET No More - It Will Go Here #TeamTrees,118.0,https://www.youtube.com/embed/Qfx_C498KD4?autoplay=0
Mike Allright,WLMOmHHnddw,MrBeast vs Greta Thunberg actions for the environment | #teamtrees,119.0,https://www.youtube.com/embed/WLMOmHHnddw?autoplay=0
King Kalos,QHQu1MqfT9A,#teamtrees memes,119.0,https://www.youtube.com/embed/QHQu1MqfT9A?autoplay=0
mihasandr,zWOSdZWCO9k,"20,000,000 –¥–µ—Ä–µ–≤ #TeamTrees",123.0,https://www.youtube.com/embed/zWOSdZWCO9k?autoplay=0
Juniper,OrKZ5hAPPZM,trees. #TeamTrees,125.0,https://www.youtube.com/embed/OrKZ5hAPPZM?autoplay=0
Looster Booster,GP-V5vEyVY8,#TeamTrees,125.0,https://www.youtube.com/embed/GP-V5vEyVY8?autoplay=0
Bashurman,_NuFKMjHesE,Youtuber SELF PROMOTES on #TeamTrees Website,125.0,https://www.youtube.com/embed/_NuFKMjHesE?autoplay=0
Flop Studios,NqvrWWCJ28A,#TeamTrees / Make A Difference!,126.0,https://www.youtube.com/embed/NqvrWWCJ28A?autoplay=0
Da Pixel Penguin,6Psak9H0z4o,#TeamTrees: Let's Craft 20 MILLION Trees Together!,126.0,https://www.youtube.com/embed/6Psak9H0z4o?autoplay=0
ReclusionsHD,vWsrT6YH25Q,change da world by planting trees - #TeamTrees,126.0,https://www.youtube.com/embed/vWsrT6YH25Q?autoplay=0
Ethanol,BvDomCZjOls,About my idea.    #teamtrees,127.0,https://www.youtube.com/embed/BvDomCZjOls?autoplay=0
Matt Aulbach,XGu-tsMKcDE,Team trees,129.0,https://www.youtube.com/embed/XGu-tsMKcDE?autoplay=0
Nathorix,iHDuf1hLpaI,Help MrBeast Plant 20 Million Trees  - #TeamTrees,130.0,https://www.youtube.com/embed/iHDuf1hLpaI?autoplay=0
Active Galactic,RQv5LzFUOYo,Don't Let Earth Become Venus! #TeamTrees,130.0,https://www.youtube.com/embed/RQv5LzFUOYo?autoplay=0
HowToBasic,MqH8WtR5hWs,How To Plant a Tree,133.0,https://www.youtube.com/embed/MqH8WtR5hWs?autoplay=0
NerdOut2,pMZ06tLH7v0,Plant a Tree Now! (Official Video) MrBeast Collab #TeamTrees #NerdOut,135.0,https://www.youtube.com/embed/pMZ06tLH7v0?autoplay=0
ÍßÅle PŒ±œâ—î‚Ñì( ‚Äæ ñÃ´‚Äæ)ÍßÇ,vNUkZSvlBVE,"We need to save all the trees, help us at #TeamTrees",137.0,https://www.youtube.com/embed/vNUkZSvlBVE?autoplay=0
LEMMiNO,GbetzV4l4CY,Trees #TeamTrees,138.0,https://www.youtube.com/embed/GbetzV4l4CY?autoplay=0
Sertzio,0XXJD0lL8q4,"Let's plant 20,000,000 trees - *Mr Beast needs us to help him* #TeamTrees",140.0,https://www.youtube.com/embed/0XXJD0lL8q4?autoplay=0
◊û◊® ◊©◊ô◊ë◊ï◊ú◊™ SHIB,IzSykIrleXg,◊©◊ï◊™◊ú◊ô◊ù 20 ◊û◊ô◊ú◊ô◊ï◊ü ◊¢◊¶◊ô◊ù ◊ï◊û◊¶◊ô◊ú◊ô◊ù ◊ê◊™ ◊î◊¢◊ï◊ú◊ù!!! #TeamTrees,141.0,https://www.youtube.com/embed/IzSykIrleXg?autoplay=0
burritoshake,gb3iEfNyn9E,Do YOU wanna be a Superhero? #teamtrees,141.0,https://www.youtube.com/embed/gb3iEfNyn9E?autoplay=0
Inside Edition,w4lOOI16Gd4,How MrBeast Is Saving the Planet Through #TeamTrees,142.0,https://www.youtube.com/embed/w4lOOI16Gd4?autoplay=0
HHerrie 3tuo epiw,Hj2XekNq_uA,#TeamTrees is stupid,143.0,https://www.youtube.com/embed/Hj2XekNq_uA?autoplay=0
Zenith Corps.,8nrj_06W06c,"#TeamTrees || Planting 20,000,000 Trees On a Server!!!!",143.0,https://www.youtube.com/embed/8nrj_06W06c?autoplay=0
Swag Adam,6SuAd8iGr3k,"I Donated 500,000 Trees To Mr. Beast Team Trees Thingy $$$ #teamtrees #SWAG",144.0,https://www.youtube.com/embed/6SuAd8iGr3k?autoplay=0
McCann Dog Training,74-JnHMXZzQ,"Hiking With Our Dogs Through 20,000,000 Trees! - #TEAMTREES",146.0,https://www.youtube.com/embed/74-JnHMXZzQ?autoplay=0
Fraser | iVexusHD,W6-GZm3yres,I'M PART OF #TeamTrees | LETS SAVE THE PLANET!,149.0,https://www.youtube.com/embed/W6-GZm3yres?autoplay=0
Stream - R Œõ Z Œû,62CjkhsSqlA,#TEAMTREES Minecraft -  üî¥Live streamüî¥ -  Give away cards  - Free PS4 and XBOX!,149.0,https://www.youtube.com/embed/62CjkhsSqlA?autoplay=0
Bright Idea,43-CpsLHx7w,üí°Bright Idea'süí° Unboxing Video 5 (#TeamTrees Tree-shirt),150.0,https://www.youtube.com/embed/43-CpsLHx7w?autoplay=0
Elijah Jay's Creative Outlet,yKV3SJXgIQI,F**K Planet Earth - BIG Deaf (Official Music Video) #teamtrees,151.0,https://www.youtube.com/embed/yKV3SJXgIQI?autoplay=0
vidIQ,s7ijm8YOdSU,The Moment Elon Musk Got Owned and TeamTrees hit 10 Million!,152.0,https://www.youtube.com/embed/s7ijm8YOdSU?autoplay=0
Ami Yamato,EFA925kQHiM,Gardeners of the Galaxy:  #TeamTrees,153.0,https://www.youtube.com/embed/EFA925kQHiM?autoplay=0
Susan Wojcicki,KEA8wis3FIs,Planting a tree for #TeamTrees (ft. Mark Rober),154.0,https://www.youtube.com/embed/KEA8wis3FIs?autoplay=0
MrBeast,0hVZOJCYBBM,Important Youtube Announcement (please watch),155.0,https://www.youtube.com/embed/0hVZOJCYBBM?autoplay=0
vidIQ,lHsymdFIu0U,"The Moment @MrBeast, @Mark Rober and TeamTrees planted 20,000,000 Trees!",155.0,https://www.youtube.com/embed/lHsymdFIu0U?autoplay=0
PFGamerFP,wjnrUCtTzvo,"#TeamTrees, doei 1$ :D",157.0,https://www.youtube.com/embed/wjnrUCtTzvo?autoplay=0
–ê—Å–≥–∞—Ä–¥—Å–∫–∏–π –ê—Ä–ø,ORex11pHpVY,–û–Ω –ø–æ—Å–∞–¥–∏—Ç 20 –º–∏–ª–ª–∏–æ–Ω–æ–≤ –¥–µ—Ä–µ–≤—å–µ–≤! #teamtrees,163.0,https://www.youtube.com/embed/ORex11pHpVY?autoplay=0
Lilette,6EpNJyVVUuw,Ficus Microcarpa || #TeamTrees,163.0,https://www.youtube.com/embed/6EpNJyVVUuw?autoplay=0
Captain Disillusion,IK7QXAUvCOA,Captain Disillusion on #TeamTrees,164.0,https://www.youtube.com/embed/IK7QXAUvCOA?autoplay=0
AsapSCIENCE,Qq9CQKNplpw,What If You Made A Song With Only Trees?,167.0,https://www.youtube.com/embed/Qq9CQKNplpw?autoplay=0
vTochku,YHfZf12w0S8,"–õ–µ—Å–Ω—ã–µ –ø–æ–∂–∞—Ä—ã –≤ –ê–≤—Å—Ç—Ä–∞–ª–∏–∏, –†–æ—Å—Å–∏–∏. –ß—Ç–æ —Å–≥–æ—Ä–µ–ª–æ –Ω–∞ —Å–∞–º–æ–º –¥–µ–ª–µ. #TeamTrees. Pray for Australia",167.0,https://www.youtube.com/embed/YHfZf12w0S8?autoplay=0
Youtube Battles,LdLSs7LMd-0,TeamTrees Plants 10 Million Trees (117 Hour Timelapse),168.0,https://www.youtube.com/embed/LdLSs7LMd-0?autoplay=0
aston405 a k≈ôi≈°≈•√°lov√Ω vodop√°d - 432Hz,5bKEHD0w_qc,"Nechejme stromy ≈æ√≠t üéµ #TeamTrees - aston405 a k≈ôi≈°≈•√°lov√Ω vodop√°d + Auri (P√≠se≈à nejen v√°noƒçn√≠, ver.2)",170.0,https://www.youtube.com/embed/5bKEHD0w_qc?autoplay=0
Party In Backyard,je6Be62dOoA,#TEAMTREES SONG,171.0,https://www.youtube.com/embed/je6Be62dOoA?autoplay=0
NICO_THE_PRO,jzuGPF2JB8o,UNFAIR TREES WALKTHROUGH/SPEEDRUN IN 165 SECONDS! #TeamTrees,171.0,https://www.youtube.com/embed/jzuGPF2JB8o?autoplay=0
Alan Becker,mlLl8eFJgkU,Blue's New Superpower - #TeamTrees,172.0,https://www.youtube.com/embed/mlLl8eFJgkU?autoplay=0
Text to Speech Memes,_evx4uC0Iq4,#TeamTrees Meme Compilation,172.0,https://www.youtube.com/embed/_evx4uC0Iq4?autoplay=0
EXCEPT,FNZIIkUbCb8,Global Warming: Endgame | #TeamTrees,172.0,https://www.youtube.com/embed/FNZIIkUbCb8?autoplay=0
basicallybea,Bmc840V7aQg,bow spammers are destroying the planet! WE NEED HELP! #TeamTrees,174.0,https://www.youtube.com/embed/Bmc840V7aQg?autoplay=0
Science Mom,UOFofBL0Tac,Forest in the Desert? #TeamTrees,177.0,https://www.youtube.com/embed/UOFofBL0Tac?autoplay=0
ChewieCatt,ur20uBEDEKQ,"A Song For #TeamTrees  - ""Take a Moment"" (feat. Danny P)",178.0,https://www.youtube.com/embed/ur20uBEDEKQ?autoplay=0
Demon Koluwa,mmIRe9Q4V8w,#teamtrees srilanka,178.0,https://www.youtube.com/embed/mmIRe9Q4V8w?autoplay=0
TKNonline,iYQtiWrF6H0,Tech Story : TeamTrees ‡πÅ‡∏Ñ‡∏°‡πÄ‡∏õ‡∏ç‡∏õ‡∏•‡∏π‡∏Å‡∏ï‡πâ‡∏ô‡πÑ‡∏°‡πâ‡∏¢‡∏≠‡∏î‡∏Æ‡∏¥‡∏ï,178.0,https://www.youtube.com/embed/iYQtiWrF6H0?autoplay=0
Wolfpack Ninja,EJdjQQDgYq4,"Help us Plant 20,000,000 trees! #TeamTrees",179.0,https://www.youtube.com/embed/EJdjQQDgYq4?autoplay=0
Chillchief,FuZmjR9t3fk,Chillchief - Team Trees SONG!!,181.0,https://www.youtube.com/embed/FuZmjR9t3fk?autoplay=0
Viva La Dirt League,I_eU29mGHC0,The most important quest!  #TeamTrees,183.0,https://www.youtube.com/embed/I_eU29mGHC0?autoplay=0
FilthyRamenKing,GStwq8evbs8,Every time Giorno grew a tree #TeamTrees,183.0,https://www.youtube.com/embed/GStwq8evbs8?autoplay=0
Pickdroppers,CNGrx3oDO5U,Every DEATH I plant 5 trees #teamtrees,185.0,https://www.youtube.com/embed/CNGrx3oDO5U?autoplay=0
Vailskibum94,2HkecNkioOA,Lego Unikitty is ENDING? #TeamTrees,188.0,https://www.youtube.com/embed/2HkecNkioOA?autoplay=0
Sr Pelo,bxOeVuDaZJI,Mokey's Show - Mr. Tree #TeamTrees üå≥,189.0,https://www.youtube.com/embed/bxOeVuDaZJI?autoplay=0
MemesVerse,6LzY5dc4hGk,TEAM TREES MEMES,191.0,https://www.youtube.com/embed/6LzY5dc4hGk?autoplay=0
BioBush,fWuq4rvNfbw,The Birds and the Trees - A #TeamTrees Video,194.0,https://www.youtube.com/embed/fWuq4rvNfbw?autoplay=0
Jax Channel,OIWsBK4D6vY,MrBeast wants me to save trees in Australia #teamtrees,198.0,https://www.youtube.com/embed/OIWsBK4D6vY?autoplay=0
Crossing Channel,YTFsHCBKwNo,Planting Trees In Animal Crossing For #TeamTrees,200.0,https://www.youtube.com/embed/YTFsHCBKwNo?autoplay=0
Beau of the Fifth Column,f5xaL23roXg,Let's talk about #TeamTrees....,201.0,https://www.youtube.com/embed/f5xaL23roXg?autoplay=0
TwizzFizz,95Gh_RCfWrM,"Planting 00,000,000 Trees, My Smallest Project Ever! #teamtrees",202.0,https://www.youtube.com/embed/95Gh_RCfWrM?autoplay=0
Smashy,rxvL2oY2tu4,Awesome #teamtrees Level in Super Mario Maker 2,202.0,https://www.youtube.com/embed/rxvL2oY2tu4?autoplay=0
Count Dankula,8-Ykr3CdmE0,Bring Me A Shrubbery #TeamTrees,203.0,https://www.youtube.com/embed/8-Ykr3CdmE0?autoplay=0
Nature League,Y7YLVMhMLi4,#TeamTrees,203.0,https://www.youtube.com/embed/Y7YLVMhMLi4?autoplay=0
What's Trending,txkH0C6EZQU,Can YouTubers Really SAVE the EARTH??#TeamTrees üåé,203.0,https://www.youtube.com/embed/txkH0C6EZQU?autoplay=0
It's Bloody Science!,iCZB0kCCgYo,Why Stop at 20 Million Trees? Let's Plant 1.2 Trillion! | #TeamTrees,206.0,https://www.youtube.com/embed/iCZB0kCCgYo?autoplay=0
Louie The Beagle,Gh6CXmBDLVM,"My Dogs Planting 20,000,000 Trees!! MrBeast #TeamTrees Challenge.",208.0,https://www.youtube.com/embed/Gh6CXmBDLVM?autoplay=0
Wefere news,APxUJmZNzqw,Vamos a plantar 20 MILLONES de arboles con MrBeast #Teamtrees - Wefere NEWS,209.0,https://www.youtube.com/embed/APxUJmZNzqw?autoplay=0
Exility,4KmV1YxWeHY,DIY RECYCLE HACKS THAT WILL SAVE THE PLANET! #TeamTrees,210.0,https://www.youtube.com/embed/4KmV1YxWeHY?autoplay=0
Geovarock Fandubs,O8KQxXBO7pI,Mokey's Show - Mr. Tree (Fandub Espa√±ol Latino) #TeamTrees,210.0,https://www.youtube.com/embed/O8KQxXBO7pI?autoplay=0
The Grain Doctor,1Bql9vOJxF8,Lego Team Trees -#teamtrees,210.0,https://www.youtube.com/embed/1Bql9vOJxF8?autoplay=0
Amor Sciendi,H3f1-XuTUMQ,Art Made with Trees: Spire by Andy Goldsworthy | #Teamtrees | Amorsciendi,211.0,https://www.youtube.com/embed/H3f1-XuTUMQ?autoplay=0
Stu‚Äôs Reviews,2ugaDKZDsno,"Planting 20,000,000 Trees For Team Trees!",211.0,https://www.youtube.com/embed/2ugaDKZDsno?autoplay=0
Simple Solutions Math Videos,8Fxr1C4ihgs,"#TeamTrees üå≥- We CAN save the planet PLANTING TREES  - Planting 20 000 000 Trees, By Mr Beast",212.0,https://www.youtube.com/embed/8Fxr1C4ihgs?autoplay=0
Black Gryph0n,KijsOzOdQ-M,TREE IMPRESSIONS?! #TeamTrees,213.0,https://www.youtube.com/embed/KijsOzOdQ-M?autoplay=0
Relex,Pm9U4Zc5_Gk,Elon Musk Donates $1 Million to MrBeast for #TeamTrees,214.0,https://www.youtube.com/embed/Pm9U4Zc5_Gk?autoplay=0
Fax,JTvHW-JLxqY,Help mrbeast plant 20 million trees! #Teamtree,214.0,https://www.youtube.com/embed/JTvHW-JLxqY?autoplay=0
Market Power,vdA5bRDT8Ls,The 6 BIGGEST Moments from the First 24 Hours of #TeamTrees,216.0,https://www.youtube.com/embed/vdA5bRDT8Ls?autoplay=0
Hevesh5,ZsWFVEs3GHQ,THE DOMINO TREE OF LIFE! üå≥ #TeamTrees,217.0,https://www.youtube.com/embed/ZsWFVEs3GHQ?autoplay=0
Stream - R Œõ Z Œû,ma7yo_mEqIo,#TEAMTREES  Random Game! -  üî¥Live streamüî¥ -  Give away cards  - Free PS4 and XBOX!,217.0,https://www.youtube.com/embed/ma7yo_mEqIo?autoplay=0
atola visuals,8tDUoTLn6TU,Planting 20 Million Trees - A Cinematic Look At Yosemite #teamtrees,219.0,https://www.youtube.com/embed/8tDUoTLn6TU?autoplay=0
Alex Gasaway,7LtQkgBkFR4,"20,000,000 Trees Isn't Enough #TeamTrees",220.0,https://www.youtube.com/embed/7LtQkgBkFR4?autoplay=0
The Milkssiah,xS0-9IR4aI8,a Poem in Support of #teamtrees and MrBeast,221.0,https://www.youtube.com/embed/xS0-9IR4aI8?autoplay=0
FunkTyper,hO-3qt7hZfk,A Twisted Halloween (Halloween Special) #TeamTrees,221.0,https://www.youtube.com/embed/hO-3qt7hZfk?autoplay=0
Ashton Obadiah,Tzv-2xOcXOA,BE INSPIRED TO PLANT MORE TREES | #TeamTrees | Cinematic Nature + Save The Earth,222.0,https://www.youtube.com/embed/Tzv-2xOcXOA?autoplay=0
Reaction Mashup Lover,EZxFBcOGO7A,Mokey's Show - Mr. Tree #TeamTrees REACTIONS MASHUP,224.0,https://www.youtube.com/embed/EZxFBcOGO7A?autoplay=0
LyricWulf,ALecFekVo8A,Hollow Knight - Greenpath (Piano Cover) #teamtrees,224.0,https://www.youtube.com/embed/ALecFekVo8A?autoplay=0
Medlife Crisis,Vx6H1uvQd7k,I Visited The World's WIDEST Tree for #teamtrees,225.0,https://www.youtube.com/embed/Vx6H1uvQd7k?autoplay=0
Christine Barger,l_F5lMpVbq0,Stunkles joins #teamtrees,228.0,https://www.youtube.com/embed/l_F5lMpVbq0?autoplay=0
Clixoom nature,vQ8xdKy2RFM,20 Millionen B√§ume pflanzen! - Mit #TeamTrees gegen Waldsterben: Aktion von YouTuber Mr. Beast!,229.0,https://www.youtube.com/embed/vQ8xdKy2RFM?autoplay=0
TheLearningStation - Kids Songs and Nursery Rhymes,mUb65tbOtoI,#TeamTrees üçÅ Hug a Tree üçÅ United We Can Plant 20 Million Trees üçÅ Trees by The Learning Station,232.0,https://www.youtube.com/embed/mUb65tbOtoI?autoplay=0
Errichto,TnCVAEsYGKs,Save tree algorithms #teamtrees,232.0,https://www.youtube.com/embed/TnCVAEsYGKs?autoplay=0
Market Power,wgOAIL2ilR8,How ECONOMICS Will Save the Forest | #TeamTrees,234.0,https://www.youtube.com/embed/wgOAIL2ilR8?autoplay=0
Anna Baillie-Karas,9Qtbryjh_0E,'The Overstory' and #TeamTrees,234.0,https://www.youtube.com/embed/9Qtbryjh_0E?autoplay=0
Michaelmcchill,i7SMA3TukG0,#TeamTrees Michael Fulton - Africa (Cover),234.0,https://www.youtube.com/embed/i7SMA3TukG0?autoplay=0
Big Chungus Official,_jwXnEYzDkw,Looking at Plant 20Million Trees my Biggest project ever #TeamTrees,234.0,https://www.youtube.com/embed/_jwXnEYzDkw?autoplay=0
ScienceBob,s4H1b6yKJvE,Making a foamy Chemis-Tree for #TeamTrees!,236.0,https://www.youtube.com/embed/s4H1b6yKJvE?autoplay=0
SGA BOT,cffevWpGPG0,Drawing a Tree/ #TeamTrees,236.0,https://www.youtube.com/embed/cffevWpGPG0?autoplay=0
Mr. Beat,RqVB6cHAfFM,Mr. Beat Plants a Tree for Mr. Beast #teamtrees,237.0,https://www.youtube.com/embed/RqVB6cHAfFM?autoplay=0
Lingualizer,yUJXywNM6Ns,"MrBeast: How To Say ""TEAM TREES!"" in 30 Different Languages",239.0,https://www.youtube.com/embed/yUJXywNM6Ns?autoplay=0
Ajar,7P53SXEudBk,"Malaysia Tanam 50 Juta + Pokok, Tak Ramai Tahu Pun #teamtrees",241.0,https://www.youtube.com/embed/7P53SXEudBk?autoplay=0
penguinz0,gfqDmQGvSVk,TeamTrees | In The Branches of An Angel,242.0,https://www.youtube.com/embed/gfqDmQGvSVk?autoplay=0
BLiTz5,LgttB-zIa4Y,Announcement: 24 Hour PUBG Team Trees Live Stream #TEAMTREES,245.0,https://www.youtube.com/embed/LgttB-zIa4Y?autoplay=0
DramaAlert,7EY-C4G8bPU,MrBeast called me ( SHOCKING ) LEAKED PHONE CALL! #DramaAlert #TeamTrees,249.0,https://www.youtube.com/embed/7EY-C4G8bPU?autoplay=0
Youtube Battles,AMffdVUQgbk,#TeamTrees Hitting 20 Million Trees Planted (2M% Speed Timelapse),250.0,https://www.youtube.com/embed/AMffdVUQgbk?autoplay=0
I Like To Make Stuff,C7EguktQ_eo,Quick Farm Tour and Joining Team Trees,252.0,https://www.youtube.com/embed/C7EguktQ_eo?autoplay=0
BDre,fCCK9nHUuCE,#TEAMTREES 20 MILLION TREES! | ECOSIA plants trees for YOU USING IT to search the WEB!,256.0,https://www.youtube.com/embed/fCCK9nHUuCE?autoplay=0
Market Power,qYnSGx8ABf8,"How MrBeast Will FAIL To Plant 20,000,000 Trees | #TeamTrees",258.0,https://www.youtube.com/embed/qYnSGx8ABf8?autoplay=0
Kira hello,F4L3bPWjp6U,Helping Mr Beast to Plant 20 million Trees! #TeamTrees,262.0,https://www.youtube.com/embed/F4L3bPWjp6U?autoplay=0
Mikey McBryan,LR_TeOiGxPU,Top Secret #TeamTrees Day! | Plane Savers | MrBeast,264.0,https://www.youtube.com/embed/LR_TeOiGxPU?autoplay=0
Science IRL,1csta3vITK0,Tree scientists IRL! | #TeamTrees,265.0,https://www.youtube.com/embed/1csta3vITK0?autoplay=0
Neoncat Reacts,Cpt2UYCAyaw,"""This Was Terrifying!"" Reacting To Mokey's Show - Mr. Tree #TeamTrees",266.0,https://www.youtube.com/embed/Cpt2UYCAyaw?autoplay=0
UmbreonLibris,Vi_yur1Jy1Y,Gotta Plant 'Em All! | Pok√©mon √ó #TeamTrees parody,267.0,https://www.youtube.com/embed/Vi_yur1Jy1Y?autoplay=0
NICO_THE_PRO,Tajqfm1h26Q,MAKING AN UNFAIR MAP TO SAVE TREES! #TeamTrees,269.0,https://www.youtube.com/embed/Tajqfm1h26Q?autoplay=0
YungCrippTV,EhZTfygNoB4,Belittling My Mother to Help Mother Nature #TeamTrees,270.0,https://www.youtube.com/embed/EhZTfygNoB4?autoplay=0
Luke The Orange,5Nsgok2jIPw,Secret Benefits of Trees that make You Happier #TeamTrees | Luke The Orange | MrBeast,270.0,https://www.youtube.com/embed/5Nsgok2jIPw?autoplay=0
RedKB,QdTcT2bYWhM,3D Printed Tree Rubik's Cube #TEAMTREES,274.0,https://www.youtube.com/embed/QdTcT2bYWhM?autoplay=0
Market Power,m_IcLoPpwQs,How MrBeast and #TeamTrees Are BREAKING Economics,277.0,https://www.youtube.com/embed/m_IcLoPpwQs?autoplay=0
Sealdrop,tz3nHo8ZWDA,Let's Plant 20'000'000 trees - MrBeast Collab #teamtrees,282.0,https://www.youtube.com/embed/tz3nHo8ZWDA?autoplay=0
Gone to the Snow Dogs,G4QSB4PFfoI,"Huskies Plant 20,000,000 Trees with MrBeast ! #TeamTrees",283.0,https://www.youtube.com/embed/G4QSB4PFfoI?autoplay=0
Watercooler,KQJ6ze3E0kA,#TeamTrees Open RCT2 Pine Forest Speed Build,285.0,https://www.youtube.com/embed/KQJ6ze3E0kA?autoplay=0
Ant Lab,yqdD4lc20Wk,How do leafcutter ants cut leaves off of trees? #TeamTrees,287.0,https://www.youtube.com/embed/yqdD4lc20Wk?autoplay=0
Cepha,C3SvkACVQCI,wholesome planting trees in minecraft #TeamTrees,287.0,https://www.youtube.com/embed/C3SvkACVQCI?autoplay=0
Por√ßay,JvoEtd2t4ro,4 kelime ile DOƒûAYI KURTAR #teamtrees,290.0,https://www.youtube.com/embed/JvoEtd2t4ro?autoplay=0
Peter D,zIyshL3PdD4,#teamtrees P4A 2019,290.0,https://www.youtube.com/embed/zIyshL3PdD4?autoplay=0
Shelos1Life,79SFSNUZgvU,Mokey's Show - Mr. Tree #TeamTrees üå≥ | Shelos1life REACTION,290.0,https://www.youtube.com/embed/79SFSNUZgvU?autoplay=0
Donut Operator,6Waq-UrvkSY,TREE CRIMES #teamtrees,291.0,https://www.youtube.com/embed/6Waq-UrvkSY?autoplay=0
YourBoy Stormy,AzjkxYmpNwI,We Planted Trees! #teamtrees,291.0,https://www.youtube.com/embed/AzjkxYmpNwI?autoplay=0
Tea & Clickbait,DxiZWfsTwlY,"Donating $20,000,000 to TeamTrees! #TeamTrees",291.0,https://www.youtube.com/embed/DxiZWfsTwlY?autoplay=0
Covist,6ijrKBwajcY,Tree Review #TeamTrees,292.0,https://www.youtube.com/embed/6ijrKBwajcY?autoplay=0
xZap,9PEPnSRn0So,Saving Trees in Hypixel SkyBlock for #TeamTrees,295.0,https://www.youtube.com/embed/9PEPnSRn0So?autoplay=0
hikyletaggart,gIujYl56sJQ,Puggle Plants 20 Million Trees?! #TeamTrees üå≥,296.0,https://www.youtube.com/embed/gIujYl56sJQ?autoplay=0
Gwendolyn Farms,_tz9IbQGXcI,#TeamTrees and Mr Beast planting 20million trees...,296.0,https://www.youtube.com/embed/_tz9IbQGXcI?autoplay=0
JT Music,iwjhkaEB7E8,"#TeamTrees Song by JT Music - ""Feel Like Fertilizin'""",298.0,https://www.youtube.com/embed/iwjhkaEB7E8?autoplay=0
NOS Jeugdjournaal,mbB9gutKEG0,Kunnen 20 miljoen bomen het klimaat redden? | UITGEZOCHT #4,299.0,https://www.youtube.com/embed/mbB9gutKEG0?autoplay=0
GoldieBlox,JxeHWtlrG2g,Hacking an Old Desk to Make it New Again #TeamTrees,303.0,https://www.youtube.com/embed/JxeHWtlrG2g?autoplay=0
Neytirix,oliowzwT2uU,#TeamTrees,304.0,https://www.youtube.com/embed/oliowzwT2uU?autoplay=0
Asher Plus,PeyYmhPcOiY,Planting 1000 Trees To Help MrBeast | #TeamTrees,304.0,https://www.youtube.com/embed/PeyYmhPcOiY?autoplay=0
Toys 4 You JucariiPentruTine,SArqcyrEStk,Experiment Coca-Cola & Mentos | Volcano Experiment | #TeamTrees,304.0,https://www.youtube.com/embed/SArqcyrEStk?autoplay=0
MattTV,eXei4dzbPNk,Asking University Students What They Think About Climate Change (MrBeast) #TeamTrees,304.0,https://www.youtube.com/embed/eXei4dzbPNk?autoplay=0
Sketch,Glzt34NfFUg,"Planting 20,000,000 TREES In ROBLOX!! #TeamTrees",309.0,https://www.youtube.com/embed/Glzt34NfFUg?autoplay=0
Squashy Boy,pDkDExI6cRg,I planted a tree to spread awareness about #teamtrees,310.0,https://www.youtube.com/embed/pDkDExI6cRg?autoplay=0
7 Sage Labs,RCSDQ5WBkP4,Secret Sixth Finger Found On The Aye-Aye #TeamTrees,312.0,https://www.youtube.com/embed/RCSDQ5WBkP4?autoplay=0
RP's Lair,P22SXxDuJ8Y,N√âZD MEG NAGYON FONTOS! Az RP Community csatlakozik a #TeamTrees mozgalomhoz!! - RP's Lair,315.0,https://www.youtube.com/embed/P22SXxDuJ8Y?autoplay=0
Skychrew,0AXwCAIh_S0,Mokey's Show - Mr. Tree #TeamTrees üå≥| Reaction | Save Tree,317.0,https://www.youtube.com/embed/0AXwCAIh_S0?autoplay=0
„Åà„Å∞„Åù„ÇìEntertainment,Hql0YFzNp-U,„ÄêÂØ∏Âäá„Äë„Åü„Åü„ÇôÊú®„Å®Êú®„Åã„ÇôË©±„Åô„Åü„Çô„Åë„ÅÆÂãïÁîª  #TeamTrees,317.0,https://www.youtube.com/embed/Hql0YFzNp-U?autoplay=0
Sky Max,FKRXCFflakc,lezepo mƒõ pavouk a k≈ôiƒç√≠m [TEAM TREES],317.0,https://www.youtube.com/embed/FKRXCFflakc?autoplay=0
LabTrekking,C9ms3kVRYvk,#teamtrees znaczy sadzenie drzew,324.0,https://www.youtube.com/embed/C9ms3kVRYvk?autoplay=0
Kaizir,4sFd89NHDt4,Team Trees! - Kaizir,324.0,https://www.youtube.com/embed/4sFd89NHDt4?autoplay=0
Subi Reacts,DOdDURQtXFI,Mokey's Show - Mr. Tree #TeamTrees üå≥ REACTION,329.0,https://www.youtube.com/embed/DOdDURQtXFI?autoplay=0
My Self Reliance,5uwe7qVtrrg,"Planting 20,000,000 Trees #teamtrees",331.0,https://www.youtube.com/embed/5uwe7qVtrrg?autoplay=0
Pani Kruk,0xv6TIEqxCU,Sadzimy 20 milion√≥w drzew #teamtrees,333.0,https://www.youtube.com/embed/0xv6TIEqxCU?autoplay=0
Nathanael Newton,RNHlfJAUI_E,#TeamTrees: Eaten alive by Beetles,335.0,https://www.youtube.com/embed/RNHlfJAUI_E?autoplay=0
Rachel O'Leary,pjBxxU7xPXI,Planting over 700 trees to help create a Riparian buffer! #teamtrees,336.0,https://www.youtube.com/embed/pjBxxU7xPXI?autoplay=0
jacksepticeye,TqilUw75Qh8,The BIGGEST Youtuber Collab In History - Planting 20 Million Trees,339.0,https://www.youtube.com/embed/TqilUw75Qh8?autoplay=0
everydAI,djg3YDMF1Bc,Using AI to See Climate Change | #TeamTrees,341.0,https://www.youtube.com/embed/djg3YDMF1Bc?autoplay=0
Christopher Bill,zemBSB9XDYU,#TeamTrees Duet with Davie504!!! EPICO,342.0,https://www.youtube.com/embed/zemBSB9XDYU?autoplay=0
Crayminecraft,r6TEacwWXIk,I donated to teamtrees...,343.0,https://www.youtube.com/embed/r6TEacwWXIk?autoplay=0
Scott Waldron,0cgUnEBqB2E,Autumn Color Phone Photography Vlog & MrBeast #TeamTrees Fundraiser,345.0,https://www.youtube.com/embed/0cgUnEBqB2E?autoplay=0
Charles.S,rjmIEtYKJrM,Team Trees | My Opinion #teamtrees,347.0,https://www.youtube.com/embed/rjmIEtYKJrM?autoplay=0
The Try Guys,NG6qRvbj4UU,The Try Guys Plant 20 Million Trees (PSA Music Video),349.0,https://www.youtube.com/embed/NG6qRvbj4UU?autoplay=0
VictoryPlays,-UJFaRXy0dU,"WE PLANTED 100,000 TREES IN MINECRAFT! üò± // #TeamTrees",356.0,https://www.youtube.com/embed/-UJFaRXy0dU?autoplay=0
Larry,w5r2fq-uq48,I Donated my LIFE SAVINGS to #TEAMTREES,364.0,https://www.youtube.com/embed/w5r2fq-uq48?autoplay=0
Stream - R Œõ Z Œû,aRV8ereupss,#TEAMTREES Minecraft -  üî¥Live streamüî¥ -  Give away cards  - Free PS4 and XBOX!,368.0,https://www.youtube.com/embed/aRV8ereupss?autoplay=0
Cody'sLab,gE14cz-tEk0,Reforesting The Ranch Part 8: Fall 2019 Update & #TeamTrees,369.0,https://www.youtube.com/embed/gE14cz-tEk0?autoplay=0
PixelSheep,uRU-sRJdfmM,YouTuber pflanzen 20 Millionen B√§ume? #TeamTrees,369.0,https://www.youtube.com/embed/uRU-sRJdfmM?autoplay=0
TierZoo,pLL4yPpTCBA,The Tree Tier List #TeamTrees,370.0,https://www.youtube.com/embed/pLL4yPpTCBA?autoplay=0
Just Tank,kV-HBBfyL4E,HOLY CRAP... Did Elon Musk Just‚Ä¶ #TeamTrees,374.0,https://www.youtube.com/embed/kV-HBBfyL4E?autoplay=0
JackSucksAtLife,O9N7UcdFVa8,Planting 500 trees cos Mr Beast told me to,375.0,https://www.youtube.com/embed/O9N7UcdFVa8?autoplay=0
The Roving Naturalist,cqOAB0eIfdQ,#TeamTrees: Why do we like trees?,375.0,https://www.youtube.com/embed/cqOAB0eIfdQ?autoplay=0
Silly Bob Science,14z9kVr1t3U,The Science of Trees (#TeamTrees),380.0,https://www.youtube.com/embed/14z9kVr1t3U?autoplay=0
Dark5,W5u2HCxsxjM,Mommy is in the Trees - Unsolved Cold Case | #TeamTrees,383.0,https://www.youtube.com/embed/W5u2HCxsxjM?autoplay=0
Charmx,Q46iP7Ox7Vs,Mokey's Show - Mr. Tree #TeamTrees üå≥ Reaction!,385.0,https://www.youtube.com/embed/Q46iP7Ox7Vs?autoplay=0
Market Power,X-Z8ALICSxA,"How MrBeast and Mark Rober Got 20,000,000 Trees Before 2020 | #TeamTrees Data!",388.0,https://www.youtube.com/embed/X-Z8ALICSxA?autoplay=0
Claw Craziness,EpVnGX2nRtg,Winning Trees From a Claw Machine to Plant 20 MILLION #TeamTrees,388.0,https://www.youtube.com/embed/EpVnGX2nRtg?autoplay=0
Nathan Doan Comedy,xymSiRpSRu8,VSCO GIRL SAVES THE PLANET!!! #TeamTrees | Petah,392.0,https://www.youtube.com/embed/xymSiRpSRu8?autoplay=0
Popcorned Planet,g6u6N7mj7Yc,Best Movie Trees with Mr. Beast #TeamTrees,394.0,https://www.youtube.com/embed/g6u6N7mj7Yc?autoplay=0
The Cox Clan,r98lt_ud8k0,Helping Mr Beast Plant 20 MILLION Trees! #TeamTrees,395.0,https://www.youtube.com/embed/r98lt_ud8k0?autoplay=0
Animal Facts,C7s6aOWyfKQ,Why All Animals Need Trees #teamtrees,396.0,https://www.youtube.com/embed/C7s6aOWyfKQ?autoplay=0
Aspect Science,SLHCA-hHx4Y,Team Trees Explained - How It Works #TeamTrees,398.0,https://www.youtube.com/embed/SLHCA-hHx4Y?autoplay=0
MidWestly,0ksapLvMrgE,Elon Musk TRASHED For Donating 1 Million Trees To #TeamTrees (Obviously),399.0,https://www.youtube.com/embed/0ksapLvMrgE?autoplay=0
Hiper,78Fb1qUR8Y8,TOP 7: √Årboles de videojuegos #TeamTrees,400.0,https://www.youtube.com/embed/78Fb1qUR8Y8?autoplay=0
TikViral,ajrTfdRGfy8,tik toks that are helping to plant 20 MILLION TREES! #teamtrees,404.0,https://www.youtube.com/embed/ajrTfdRGfy8?autoplay=0
Fizica cu Cristian PresurƒÉ,pd_r4igH6Hw,Legatura dintre copaci si calculatorul cuantic #TeamTrees,405.0,https://www.youtube.com/embed/pd_r4igH6Hw?autoplay=0
ZeldaFeb,Om231V8JFWw,Is #TeamTrees LEGIT? (How does it work?),406.0,https://www.youtube.com/embed/Om231V8JFWw?autoplay=0
Randomonium,QTqcPRKn20o,Can You Plant Trees with Bullets? ‚Ä¢ #TeamTrees,407.0,https://www.youtube.com/embed/QTqcPRKn20o?autoplay=0
EpicEagle787,n-aoUh3enBk,Planting 20 million trees in Minecraft *LIVE* #TeamTrees,408.0,https://www.youtube.com/embed/n-aoUh3enBk?autoplay=0
Ameli TVIT,pqwqEHQX57o,ALBERO DI NATALE FATTO CON BOTTIGLIE DI PLASTICA (DIY) #TeamTrees,409.0,https://www.youtube.com/embed/pqwqEHQX57o?autoplay=0
The Infographics Show,-cPdImejxEQ,"Planting 20,000,000 Trees Will Actually Have This Impact",412.0,https://www.youtube.com/embed/-cPdImejxEQ?autoplay=0
Tyler Cenci,gvUjCIYNV50,"20,000,000 Trees w/ Mr. Beast #TeamTrees",419.0,https://www.youtube.com/embed/gvUjCIYNV50?autoplay=0
LifesBiggestQuestions,xhMcsf5pIHo,"What If Everyone On Earth Planted 1 Tree? - 7,000,000,000 Trees #TeamTrees",420.0,https://www.youtube.com/embed/xhMcsf5pIHo?autoplay=0
TheLoadingCrew,hsMGMmGG8i4,What Alignment is Groot? #TeamTrees #dndecember2019,422.0,https://www.youtube.com/embed/hsMGMmGG8i4?autoplay=0
DigzGwentplayer,OphfgCZ8Jgk,#TeamTrees Pack (Gwent Custom Cards),426.0,https://www.youtube.com/embed/OphfgCZ8Jgk?autoplay=0
Bandi,L1d7VZ6RPl8,"I actually Planted 1,000,000 Trees In Minecraft #teamtrees",427.0,https://www.youtube.com/embed/L1d7VZ6RPl8?autoplay=0
Alex Dainis,L76DEVvVkDk,How big are tree genomes? #TeamTrees,438.0,https://www.youtube.com/embed/L76DEVvVkDk?autoplay=0
Xioty Sev,j6PObVVwDfQ,Fishing Competition  #TeamTrees,440.0,https://www.youtube.com/embed/j6PObVVwDfQ?autoplay=0
MrBeast,HPJKxAhLw5I,"Planting 20,000,000 Trees, My Biggest Project Ever!",443.0,https://www.youtube.com/embed/HPJKxAhLw5I?autoplay=0
Realxar,oNA522_xSmg,"Team Trees ( Mr. Beast, Zach King, Mark Rober ) Tik Tok videos Compilation",448.0,https://www.youtube.com/embed/oNA522_xSmg?autoplay=0
SoCassie,WKf5SmWuT-Q,"PLANTING 20,000,000 TREES MrBeast! #TeamTrees",467.0,https://www.youtube.com/embed/WKf5SmWuT-Q?autoplay=0
HelloThalita,Zf1bUJZNWY0,"MrBeast Planting 20,000,000 Trees #TeamTrees",481.0,https://www.youtube.com/embed/Zf1bUJZNWY0?autoplay=0
XtringoPlayz,EHjYKqUhXAs,Happy Halloweenüëªüëªüëª (Saving block man go sky block) #teamtrees,483.0,https://www.youtube.com/embed/EHjYKqUhXAs?autoplay=0
Kwebbelkop,FFjoU0YJn3Y,"I Reacted To MrBeast Planting 20,000,000 Trees #TeamTrees",487.0,https://www.youtube.com/embed/FFjoU0YJn3Y?autoplay=0
Learn Audio Engineering,l3cnu4qGHnk,How to Make Drums Samples from Tree Sounds #TeamTrees,489.0,https://www.youtube.com/embed/l3cnu4qGHnk?autoplay=0
Angelo Zen Studios,P6m6YKjMlss,Reaction To Blue's New Superpower - #TeamTrees (Made by Alan Becker),491.0,https://www.youtube.com/embed/P6m6YKjMlss?autoplay=0
AnimalWonders Montana,gJVo_fewmcM,How Animals and Trees Help Each Other | Team Trees,492.0,https://www.youtube.com/embed/gJVo_fewmcM?autoplay=0
Mike's Bakes,rtOhyOGD-s4,How to make #TeamTrees Cookies,504.0,https://www.youtube.com/embed/rtOhyOGD-s4?autoplay=0
AzzyLand,VI7MYfHCavw,DIY RECYCLE HACKS that will SAVE the world  #TeamTrees,511.0,https://www.youtube.com/embed/VI7MYfHCavw?autoplay=0
Socratica Kids,SWPqQxz-7gg,#TeamTrees - How Do Trees Grow - Kids STEM,514.0,https://www.youtube.com/embed/SWPqQxz-7gg?autoplay=0
Kristina Smallhorn,sBaG_xBQbzo,Real Reason Why Home Builders Destroy So Many Trees üå≤#TeamTrees,516.0,https://www.youtube.com/embed/sBaG_xBQbzo?autoplay=0
Alliterative,Nl-WunKwjrY,Planting an Etymological Tree for #TeamTrees,522.0,https://www.youtube.com/embed/Nl-WunKwjrY?autoplay=0
Mike Boyd,JiqTNObyFRQ,Giving $1 to #TeamTrees Every Time I DON'T Get a Hole in One,523.0,https://www.youtube.com/embed/JiqTNObyFRQ?autoplay=0
James Bruton,3oSwgljqTJw,#TEAMTREES Pot-Plant Electric Guitar,523.0,https://www.youtube.com/embed/3oSwgljqTJw?autoplay=0
LifeOfShark,IYiWFWLwv3g,"PLANTING 20,000,000 TREES! My Contribution! #TeamTrees",538.0,https://www.youtube.com/embed/IYiWFWLwv3g?autoplay=0
DG Olchu,5P88NOX1_Rs,Donating to #teamtrees,540.0,https://www.youtube.com/embed/5P88NOX1_Rs?autoplay=0
Beefy Smash Doods,vk_5ElPd55g,A Money Match To Save The Planet! #TeamTrees,547.0,https://www.youtube.com/embed/vk_5ElPd55g?autoplay=0
Tara BelleRose,c7zizaxZKDQ,"Planting 20,000,000 trees and HOUSE PLANTS #teamtrees",549.0,https://www.youtube.com/embed/c7zizaxZKDQ?autoplay=0
Cuarentaydos,D_18E2F8nkI,¬øPlantar 20 MILLONES de √°rboles sirve de algo? | #Teamtrees,554.0,https://www.youtube.com/embed/D_18E2F8nkI?autoplay=0
Shot of The Yeagers,j0dVwf0wRFw,HELPING to Plant 20 MILLION TREES! #TeamTrees,556.0,https://www.youtube.com/embed/j0dVwf0wRFw?autoplay=0
WALULIS DAILY,yokGFB-d6Vg,#teamtrees: Das steckt hinter der Aktion von MrBeast | WALULIS DAILY,558.0,https://www.youtube.com/embed/yokGFB-d6Vg?autoplay=0
Repaid Tiger,DkGJnPXhJdI,Fortnite Defaults Skins Are Anti #TeamTrees,558.0,https://www.youtube.com/embed/DkGJnPXhJdI?autoplay=0
Doctor Mike,j3Xj6SNIY94,Doctor Reacts to HILARIOUS Medical Memes #9,564.0,https://www.youtube.com/embed/j3Xj6SNIY94?autoplay=0
Dave Erasmus,HgfJ-nMP2J8,TEAM TREES -  WHAT'S NEXT AFTER 20 MILLION üå≤üå≤üå≤?,567.0,https://www.youtube.com/embed/HgfJ-nMP2J8?autoplay=0
Market Power,0k7tgk-5iKo,"I Predicted When MrBeast Will Get 20,000,000 Trees Using ECONOMICS | #TeamTrees",576.0,https://www.youtube.com/embed/0k7tgk-5iKo?autoplay=0
HDblog,67bWwGOXeuI,TEAMTREES üå≤: la raccolta fondi da $20 MILIONI che impazza su YOUTUBE | Storie,577.0,https://www.youtube.com/embed/67bWwGOXeuI?autoplay=0
Grizzly,HZy8qPovz5Y,Come piantare 20 milioni di alberi - #DdVotr 290 #teamtrees,579.0,https://www.youtube.com/embed/HZy8qPovz5Y?autoplay=0
Sir Moose Gaming,5_Zw8M-MVQ8,*TEAM TREES* NEW TH12 Legend League & War Base Review - #teamtrees - Clash of Clans - #67,580.0,https://www.youtube.com/embed/5_Zw8M-MVQ8?autoplay=0
RagingRaptorDE,2GbdCZnK4Sw,AUFMERKSAMKEIT F√ºr #TEAMTREES in World of Tanks,590.0,https://www.youtube.com/embed/2GbdCZnK4Sw?autoplay=0
Stephen Yeager,BnQXER2G8ok,Copying Mr Beast for 24 hours! #TeamTrees,594.0,https://www.youtube.com/embed/BnQXER2G8ok?autoplay=0
OLHZN Space Balloons,-gZBhlRuwqw,Planting 20 MILLION TREES for Mr. Beast & Mark Rober!! üå≤üå≤  #TeamTrees,596.0,https://www.youtube.com/embed/-gZBhlRuwqw?autoplay=0
Bird Keeper Toby,ln3g53guigA,Galarian Corsola Should NOT Exist! - Pokemon Sword And Shield Theory! #TeamTrees,598.0,https://www.youtube.com/embed/ln3g53guigA?autoplay=0
Cinthia Reyes,FdNy2oukSJY,Teamtrees: Especies invasoras,601.0,https://www.youtube.com/embed/FdNy2oukSJY?autoplay=0
Nizzahon Magic,W_qq8nUqwYg,MTG Top 10: Trees #TeamTrees,602.0,https://www.youtube.com/embed/W_qq8nUqwYg?autoplay=0
nakedzombo,q7XJ7CQwcfk,I FILLED THEIR ENTIRE BASE WITH TREES! #TeamTrees (Minecraft Trolling),603.0,https://www.youtube.com/embed/q7XJ7CQwcfk?autoplay=0
Sororus,O-z3gX0XbsY,#TeamTrees üå≤ For Honor GREEN Duels - Let's plant 20 Million Trees!,603.0,https://www.youtube.com/embed/O-z3gX0XbsY?autoplay=0
n11,XZdrBrq-iXM,Team trees is not the solution#teamtrees,603.0,https://www.youtube.com/embed/XZdrBrq-iXM?autoplay=0
DanPlan,uuINvlX_Gb0,COOKING WITH HOSUH! Oh and also #TeamTrees,605.0,https://www.youtube.com/embed/uuINvlX_Gb0?autoplay=0
AciDic BliTzz,2tFmFxXGEoM,I made a TeamTrees Deathrun for Mr. Beast... (Fortnite Creative),606.0,https://www.youtube.com/embed/2tFmFxXGEoM?autoplay=0
Alex Sorientto Family,vSb6tGW-zhg,My Anxiety Disorders Are Gone!!! (Paxil) #TEAMTREES Let‚Äôs Change The World!!!!!!!,607.0,https://www.youtube.com/embed/vSb6tGW-zhg?autoplay=0
The Science Asylum,rvFMBRnR3ms,Photosynthesis is WAY Crazier than you Think! | #TeamTrees,612.0,https://www.youtube.com/embed/rvFMBRnR3ms?autoplay=0
ElectroBOOM,gqng2MPClO8,Making a TASER TREE & Planting 20 MILLION TREES! #TeamTrees,615.0,https://www.youtube.com/embed/gqng2MPClO8?autoplay=0
MoJo's Mojo,WfezB3DEAmI,Team Trees Is Stupid | Unsubscribe campaign Ep 7.,617.0,https://www.youtube.com/embed/WfezB3DEAmI?autoplay=0
the Hacksmith,AYo5-OkjSk0,Can You Plant 20 MILLION TREES?,619.0,https://www.youtube.com/embed/AYo5-OkjSk0?autoplay=0
Gamers React,BqCPGHoWkmg,How Reddit Ended up Reacting to Mr Beast's #TeamTrees Project *Team Trees Memes* (20 Million Trees),619.0,https://www.youtube.com/embed/BqCPGHoWkmg?autoplay=0
Nicovald,pqK5-QY-bds,I LOST EVERYTHING GAMBLING in Camp Minecraft! #TeamTrees,623.0,https://www.youtube.com/embed/pqK5-QY-bds?autoplay=0
TheQuartering,CJ-HVyJKwwk,Shaving My Beard For Mr. Beast! Gamers For #TeamTrees,625.0,https://www.youtube.com/embed/CJ-HVyJKwwk?autoplay=0
It's Okay To Be Smart,srzniA8EKDk,What Would Trees Look Like On Other Planets? #TeamTrees,626.0,https://www.youtube.com/embed/srzniA8EKDk?autoplay=0
Your Narrator,js6pKx9_1dc,The Forest Protectors #TeamTrees,630.0,https://www.youtube.com/embed/js6pKx9_1dc?autoplay=0
Davie504,XE3HJZRQ230,Mr Beast Challenged ME To Do This With My BASS :(,630.0,https://www.youtube.com/embed/XE3HJZRQ230?autoplay=0
Gamers React,62cssHJMcXk,"How Reddit Reacted to Elon Musk Donating One Million Trees (Team Trees, Treelon, Tobi Lutke, Memes)",633.0,https://www.youtube.com/embed/62cssHJMcXk?autoplay=0
Slipperyjim8,13MQldzwxkE,"I Matched Your Donations, #TeamTrees",634.0,https://www.youtube.com/embed/13MQldzwxkE?autoplay=0
Guava Juice,iAPd3rptRw0,"I Tried Planting 20,000,000 Trees (MrBeast & Mark Rober)",638.0,https://www.youtube.com/embed/iAPd3rptRw0?autoplay=0
Anton Petrov,mucAJW6qEvk,Scientists Heard Plants Produce Loud Screams When Damaged! #teamtrees,639.0,https://www.youtube.com/embed/mucAJW6qEvk?autoplay=0
PeterSripol,WcnVW1W705k,Can AIRPLANES plant ROCKET trees??? #TeamTrees,654.0,https://www.youtube.com/embed/WcnVW1W705k?autoplay=0
Kati Morton,vkx1N3zhdew,You've Been Breathing Wrong #teamtrees | Kati Morton,661.0,https://www.youtube.com/embed/vkx1N3zhdew?autoplay=0
GRamers,WT8Ltlb4PGg,Œ¶œçœÑŒµœàŒµ Œ∫Œ±Œπ ŒµœÉœç! #TeamTrees,662.0,https://www.youtube.com/embed/WT8Ltlb4PGg?autoplay=0
CaptainJackAttack,uzXnU5MNoEI,Roblox Jailbreak Tree Cop! #TeamTrees üå≥,667.0,https://www.youtube.com/embed/uzXnU5MNoEI?autoplay=0
Back Guy,0Eg84esa2IU,Basically #TeamTrees,668.0,https://www.youtube.com/embed/0Eg84esa2IU?autoplay=0
HarleyTBS,Gml2cjfoq_Y,I AM DONATING TO THE #TeamTree CHARITY! BY MrBeast (Mr. Beast),669.0,https://www.youtube.com/embed/Gml2cjfoq_Y?autoplay=0
Dylan Polley,ewzyAF9j3U0,Planting Trees Where People are Sitting Prank! #TeamTrees,673.0,https://www.youtube.com/embed/ewzyAF9j3U0?autoplay=0
Color My World,PfbbGfDV-yU,The Future Of Art Without Trees #Teamtrees,675.0,https://www.youtube.com/embed/PfbbGfDV-yU?autoplay=0
Alphan Ecevit,rgFs86vSKSk,Enes Batur 20.000.000 AgÃÜacÃß Diker Mi ? #teamtrees,676.0,https://www.youtube.com/embed/rgFs86vSKSk?autoplay=0
Lost Pause,jdW33V9Fokw,Saving Earth Chan with MEMES and MrBeast #TeamTrees,690.0,https://www.youtube.com/embed/jdW33V9Fokw?autoplay=0
Mr Atheist,x6yNoiepk_A,"Can 20 Million Trees Work? No, But You Should Join Anyway!!! #teamtrees",701.0,https://www.youtube.com/embed/x6yNoiepk_A?autoplay=0
Beauty and the Bolt,gfwX5niNBdY,RECLAIMED WOOD Toolbox/Planter for #TeamTrees,702.0,https://www.youtube.com/embed/gfwX5niNBdY?autoplay=0
JurassicTigerCat,A_V219c4XJI,"#TeamTrees Speedpaint - ""Taking Root""",705.0,https://www.youtube.com/embed/A_V219c4XJI?autoplay=0
Galadon Gaming,7rmaLiaDQ3Q,GEM That Rush to MAX for TEAM TREES! Clash of Clans,707.0,https://www.youtube.com/embed/7rmaLiaDQ3Q?autoplay=0
Memenade,l9q22egaqGY,Team Trees Memes,713.0,https://www.youtube.com/embed/l9q22egaqGY?autoplay=0
Quig,x8r2UhAgvVY,"Planting 20,000,000 trees in Minecraft because MrBeast said to #TeamTrees",713.0,https://www.youtube.com/embed/x8r2UhAgvVY?autoplay=0
John Fish,SNdtMjkRVrU,"I Coded 20,000,000 Trees for #TeamTrees",716.0,https://www.youtube.com/embed/SNdtMjkRVrU?autoplay=0
3D Printing Nerd,Y-0jODb6OtA,TREELON! Stringy Wood Filament Fixed with a Heat Gun #TeamTrees,721.0,https://www.youtube.com/embed/Y-0jODb6OtA?autoplay=0
thebrainscoop,smGmC-o4CvU,The MUSHROOM HUNT! [#TeamTrees],732.0,https://www.youtube.com/embed/smGmC-o4CvU?autoplay=0
EvanEraTV,53Tmx_BBaOc,5 Magic TREE Tricks Revealed! (#TeamTrees),735.0,https://www.youtube.com/embed/53Tmx_BBaOc?autoplay=0
unCAGEDgamez,OFeD_4bZppk,Planting A Tree For EVERY Demonetized MK Video!! #TeamTrees,737.0,https://www.youtube.com/embed/OFeD_4bZppk?autoplay=0
DVybz,3VUsgSFYz6M,How I helped planting 20 MILLION TREES | Teamtrees | Getting electrocuted!,749.0,https://www.youtube.com/embed/3VUsgSFYz6M?autoplay=0
The Thought Emporium,tbXBEd7PL9A,Satellites You Can Use For FREE!  #teamtrees,760.0,https://www.youtube.com/embed/tbXBEd7PL9A?autoplay=0
Comic Drake,3vqczc9lv4E,History of Groot! [Guardians of the Galaxy] #TeamTrees,760.0,https://www.youtube.com/embed/3vqczc9lv4E?autoplay=0
Mark Rober,U7nJBFjKqAY,"Using Drones to Plant 20,000,000 Trees",764.0,https://www.youtube.com/embed/U7nJBFjKqAY?autoplay=0
iHasCupquake,YWDHysn7kpU,"Building a Realistic, Modern Minecraft Tree House for Mr.Beast #TeamTrees",770.0,https://www.youtube.com/embed/YWDHysn7kpU?autoplay=0
Logdotzip,exoFrIJwwV0,Updating Trees to be USEFUL in Minecraft! (#TeamTrees),773.0,https://www.youtube.com/embed/exoFrIJwwV0?autoplay=0
StayFatGuys,lnjS6qnoeUk,300 SUB GIVEAWAY AND CHANNEL UPDATE -VRchat Funny Moments #Teamtrees,781.0,https://www.youtube.com/embed/lnjS6qnoeUk?autoplay=0
Slatt Attack,kBjmlyCFWq8,#teamtrees planting 20million trees,783.0,https://www.youtube.com/embed/kBjmlyCFWq8?autoplay=0
STILL NOT CLICKED,HT4HvwCbPd0,Challenge Climate Change #TeamTrees  - Stillnotclicked,787.0,https://www.youtube.com/embed/HT4HvwCbPd0?autoplay=0
Lord Spink,ut7KVg04Xng,18 Hiding Spots Ep 2: #TEAMTREES - 'The Tree'! Effective for Ranked End Circles Apex Legends,793.0,https://www.youtube.com/embed/ut7KVg04Xng?autoplay=0
DatPags,Wwd5jb_TzQQ,#TeamTrees Quest for the GREATEST TREE PUN - T'rees a Company (A Skit/Gaming DatPags Special),799.0,https://www.youtube.com/embed/Wwd5jb_TzQQ?autoplay=0
GoldActual,xygBlTIv9U0,help us plant 20 MILLION trees! (#TeamTrees),801.0,https://www.youtube.com/embed/xygBlTIv9U0?autoplay=0
SmarterEveryDay,7bsuXsxX950,How to Plant 20 MILLION TREES - Smarter Every Day 227 #TeamTrees,805.0,https://www.youtube.com/embed/7bsuXsxX950?autoplay=0
Katelyn McCaigue,E526bXa40Ug,100 Dragons Challenge - 36 | Tree Dragon #TeamTrees,808.0,https://www.youtube.com/embed/E526bXa40Ug?autoplay=0
{TheSourceCode},1US7Mj7mM60,NPM Basics - Team Trees Api - Episode 05,817.0,https://www.youtube.com/embed/1US7Mj7mM60?autoplay=0
JerryRigEverything,k1TyDOwe67I,What is Enginered Wood? Building a Miter Saw Table! #TeamTrees,825.0,https://www.youtube.com/embed/k1TyDOwe67I?autoplay=0
FBE,ZNz_tE5VgCY,"Generations React To MrBeast Planting 20,000,000 Trees (#TeamTrees)",838.0,https://www.youtube.com/embed/ZNz_tE5VgCY?autoplay=0
LoverFella,tNJCYwual9Q,"I Planted 600,000 Trees In Minecraft #TeamTrees",841.0,https://www.youtube.com/embed/tNJCYwual9Q?autoplay=0
Linus Tech Tips,6l8K1eH624I,We Built a Tree-Planting Cannon #TeamTrees,852.0,https://www.youtube.com/embed/6l8K1eH624I?autoplay=0
NerdECrafter,oxSNIST_2yU,FRUSTRATING!! TRYING TO Make a Sculpture Out of Wood Dust Clay #teamtrees craft challenge,875.0,https://www.youtube.com/embed/oxSNIST_2yU?autoplay=0
JOOGSQUAD PPJT,0lbAn92stvk,"Helping Mrbeast Plant 20,000,000 Trees (1 Honk = 1 Tree) #TeamTrees",876.0,https://www.youtube.com/embed/0lbAn92stvk?autoplay=0
TepkiKolik,mwOOXLC23BE,Youtuberlar D√ºnya'yƒ± Kurtarƒ±yor!  #teamtrees,882.0,https://www.youtube.com/embed/mwOOXLC23BE?autoplay=0
Keysight Labs,I2-LO8v43BY,Weird Test Gear Classification + Free Poster! + #TeamTrees,883.0,https://www.youtube.com/embed/I2-LO8v43BY?autoplay=0
Shannon Morse,2Vy7vHu2L8A,Should You Replace Your Tech Every Year? #TeamTrees Let's Plant 20 Million Trees!,894.0,https://www.youtube.com/embed/2Vy7vHu2L8A?autoplay=0
Sally Le Page,h2Vs7tYQcmY,How to make plastic from trees (and not fossil fuels)    #TeamTrees,896.0,https://www.youtube.com/embed/h2Vs7tYQcmY?autoplay=0
KairosTime Gaming,3JBwSJkfiHw,"Did Supercell BREAK Takedown, or FIX it?! | Mr. Beast Collaboration #TeamTrees",900.0,https://www.youtube.com/embed/3JBwSJkfiHw?autoplay=0
DarkViperAU,ObPIzQqGnsg,"How Rockstar Can Screw GTA VI, Streamer Ban Stories, Team Trees Valuable? - Speedrunning Rambles 113",903.0,https://www.youtube.com/embed/ObPIzQqGnsg?autoplay=0
Vat19,W1bfcLnrsDc,Can You Find Him in This Video? ‚Ä¢ Hidden in Plain Sight #7 [#TeamTrees],908.0,https://www.youtube.com/embed/W1bfcLnrsDc?autoplay=0
It's Alex Clark,g5bEYs9QzC8,Team Trees Storytime,909.0,https://www.youtube.com/embed/g5bEYs9QzC8?autoplay=0
Jain Tajal,1zP5ejGTUX0,Yandere MC | Day#1| #teamtrees,933.0,https://www.youtube.com/embed/1zP5ejGTUX0?autoplay=0
Chaos Core Tech,qNWZXoJiL8Y,We 3D Printed Treelon! #TeamTrees,948.0,https://www.youtube.com/embed/qNWZXoJiL8Y?autoplay=0
Lizzy Capri,HhlX9XjZ2dM,WHO CAN MAKE THE MOST MONEY IN 24 HOURS (#teamtrees CHALLENGE),957.0,https://www.youtube.com/embed/HhlX9XjZ2dM?autoplay=0
CG Geek,Qf5dho10OfI,"VFX Artist Creates 20,000,000 Trees with CGI",961.0,https://www.youtube.com/embed/Qf5dho10OfI?autoplay=0
bordie,zMpTLrdkdps,building a massive minecraft tree for #teamtrees,963.0,https://www.youtube.com/embed/zMpTLrdkdps?autoplay=0
PewDiePie,LlW7Es7gStA,THEY ACTUALLY DID THAT?! (mad)  #0097,976.0,https://www.youtube.com/embed/LlW7Es7gStA?autoplay=0
TheTekkitRealm,7LXrfEu1HmM,Planting a Tree in EVERY STATE for #teamtrees,981.0,https://www.youtube.com/embed/7LXrfEu1HmM?autoplay=0
SeaPeeKay,d2f0S4GPMus,#TeamTrees - Kingdomcraft #25,984.0,https://www.youtube.com/embed/d2f0S4GPMus?autoplay=0
3D Printing Nerd,3fGlvusJsrI,DIY Mic Flag 3D Printed! #TeamTrees,991.0,https://www.youtube.com/embed/3fGlvusJsrI?autoplay=0
Spencer's Nursery,7vqDjtLrWZg,Tree Planting Project|Planting an Oak Tree For #TeamTrees|Part 3,1007.0,https://www.youtube.com/embed/7vqDjtLrWZg?autoplay=0
Azikel 2,hdIMP0_B2L0,team trees live count #teamtrees,1010.0,https://www.youtube.com/embed/hdIMP0_B2L0?autoplay=0
DotoDoya,QIQ0KHcBeMI,Every Dragon Ball FighterZ Combo Drop = $1000+ donated to #TeamTrees,1020.0,https://www.youtube.com/embed/QIQ0KHcBeMI?autoplay=0
Minecraft PE Logdotzip,bWdn2HWhZZ8,"noob Girl ""SAVES"" Minecraft? (#TeamTrees)",1038.0,https://www.youtube.com/embed/bWdn2HWhZZ8?autoplay=0
TiffyQuake,YKuLcoVFzqM,I Tried Following A Bob Ross Painting Tutorial #TeamTrees,1039.0,https://www.youtube.com/embed/YKuLcoVFzqM?autoplay=0
PewDiePie,hT0uqXlZ70A,I plant 20 000 000 Trees in Minecraft (Not Creative),1046.0,https://www.youtube.com/embed/hT0uqXlZ70A?autoplay=0
MandJTV,iW4lHAYAO28,Every Tree Pokemon RANKED #TeamTrees,1057.0,https://www.youtube.com/embed/iW4lHAYAO28?autoplay=0
EddieVR,eTrrBMrU4q0,Destroying Things in VR for Charity #TeamTrees,1061.0,https://www.youtube.com/embed/eTrrBMrU4q0?autoplay=0
MyUsernamesThis,CvfkXD1UNOc,PLANTING 20 MILLION TREES to SAVE THE WORLD #TeamTrees | Roblox Tree Planting Simulator,1066.0,https://www.youtube.com/embed/CvfkXD1UNOc?autoplay=0
Mini Ladd,pATSoQU_axc,The Weirdest Video You'll Watch Today #TeamTrees,1081.0,https://www.youtube.com/embed/pATSoQU_axc?autoplay=0
Sunn,6J_dNTgvPXA,"Minden kill ut√°n √ºltettem egy f√°t | K√∂rnyezetv√©d≈ë ""kih√≠v√°s"" #TeamTrees [Fortnite]",1087.0,https://www.youtube.com/embed/6J_dNTgvPXA?autoplay=0
Daggerwin,tHvnKa_mCic,I Donated $1 to #TeamTrees for Every Virtual Tree Planted,1090.0,https://www.youtube.com/embed/tHvnKa_mCic?autoplay=0
Ninja,NywhZbyiXPo,THE WHOLE LOBBY WANTS TO BEAM ME! Duos W/ Nate Hill #TeamTrees,1100.0,https://www.youtube.com/embed/NywhZbyiXPo?autoplay=0
Arcade Matt,w89UZ5XOoLc,Every Arcade Ticket I Win Plants a Tree! #TeamTrees,1148.0,https://www.youtube.com/embed/w89UZ5XOoLc?autoplay=0
RegisKillbin,jFM3DPuBpjA,#TeamTrees Treant Druid | Saviors of Uldum | Hearthstone,1156.0,https://www.youtube.com/embed/jFM3DPuBpjA?autoplay=0
My Clean Leaves,JNaZ9i3wxg0,My biggest GIVEAWAY + Collab!! | #teamtrees | #plantykindnessproject,1182.0,https://www.youtube.com/embed/JNaZ9i3wxg0?autoplay=0
Woods Tree Farm,6dzeb90a18w,"#82 Planting Christmas Trees: Soil Prep & Planting [plus #teamtrees MrBeast, Mark Rober shoutout]",1194.0,https://www.youtube.com/embed/6dzeb90a18w?autoplay=0
Gibi ASMR,F5-Mv4ZO3fk,ASMR | #TeamTrees,1223.0,https://www.youtube.com/embed/F5-Mv4ZO3fk?autoplay=0
SciShow,0emgG3lOvmg,Terrific Trees: A SciShow #TeamTrees Compilation,1229.0,https://www.youtube.com/embed/0emgG3lOvmg?autoplay=0
One Topic At A Time,7j6vUbyxsOQ,#TeamTrees | A lot of Tree Facts,1233.0,https://www.youtube.com/embed/7j6vUbyxsOQ?autoplay=0
Because Science,k0DHJTG2iuQ,"What Will 20,000,000 Trees Actually Do? #TeamTrees | Because Science Live!",1262.0,https://www.youtube.com/embed/k0DHJTG2iuQ?autoplay=0
Leonhart,es2lMH147AI,Giving $1000 To #TeamTrees If I DO NOT Pull This Pokemon Card!,1286.0,https://www.youtube.com/embed/es2lMH147AI?autoplay=0
Thunderf00t,gqht2bIQXIY,TeamTrees vs REALITY!!,1295.0,https://www.youtube.com/embed/gqht2bIQXIY?autoplay=0
Prodigy,l1r1KLa5RWo,Datdrop!! ALL profit goes to #TeamTrees,1356.0,https://www.youtube.com/embed/l1r1KLa5RWo?autoplay=0
The Crane Couple,rokEqZGNCk4,Winning jackpots for charity! Team Trees arcade challenge at City Fun Center,1361.0,https://www.youtube.com/embed/rokEqZGNCk4?autoplay=0
BramP,3baNM8LwAm4,Bloxburg: Treehouse!! #TeamTrees! 78K ‚Ä¢ Roblox,1411.0,https://www.youtube.com/embed/3baNM8LwAm4?autoplay=0
GeminiTay,16kOHOuijnc,How to Build a Tree in Minecraft #teamtrees,1419.0,https://www.youtube.com/embed/16kOHOuijnc?autoplay=0
Kimchi & Tofu,6Gt26XzTVuo,#TEAMTREES | TREE OF MIGHT | TFS DRAGON BALL Z ABRIDGED REACTION!,1422.0,https://www.youtube.com/embed/6Gt26XzTVuo?autoplay=0
NICO_THE_PRO,U08PWLXsBR0,UNFAIR TREES - BEHIND THE SCENES #TeamTrees,1502.0,https://www.youtube.com/embed/U08PWLXsBR0?autoplay=0
TeraBrite Games,ss_vsOsydM4,"Donating 1,612,437 ROBUX to Team Trees from Roblox Tree Planting Simulator!",1531.0,https://www.youtube.com/embed/ss_vsOsydM4?autoplay=0
The Spiffing Brit,_yKFJm75qO0,Planting 20 MILLION TREES IN PRISON ARCHITECT SIMULATOR -  #TeamTrees + game exploit = Profit??,1586.0,https://www.youtube.com/embed/_yKFJm75qO0?autoplay=0
HeatheredEffect ASMR,_zT8aOvNLaY,ASMR | Bob Ross Inspired Painting ASMR for #TEAMTREES,1669.0,https://www.youtube.com/embed/_zT8aOvNLaY?autoplay=0
GamingWithKev,dTqotMJYcMQ,"I planted 10,000 TREES and reached MAX TREES in Roblox Tree Planting Simulator! #TeamTrees",1885.0,https://www.youtube.com/embed/dTqotMJYcMQ?autoplay=0
Ph1LzA,KTrliR_wTUU,Killing the ender dragon in hardcore with a sapling #TeamTrees,1941.0,https://www.youtube.com/embed/KTrliR_wTUU?autoplay=0
DanTDM,Kv3cYKCUoKM,I Planted INFINITE TREES in Minecraft Hardcore! #TeamTrees,1992.0,https://www.youtube.com/embed/Kv3cYKCUoKM?autoplay=0
PogoKieng,Kvy4c-Vab_Y,Donating $10 for Every Win using Tree Inspired Pokemon | #TeamTrees,2011.0,https://www.youtube.com/embed/Kvy4c-Vab_Y?autoplay=0
Kleric,VaGvewsHE-Y,BotW: Fighting Calamity Ganon with only Tree Branches | #TeamTrees,2344.0,https://www.youtube.com/embed/VaGvewsHE-Y?autoplay=0
SackbotNinja03,tXPLFp4HNbs,Planting 20Million Trees in WorldBox #TeamTrees,2567.0,https://www.youtube.com/embed/tXPLFp4HNbs?autoplay=0
Smarter Every Day 2,qJWG7raBlT8,This Tree LOVES FIRE (Longleaf Pine) - #TeamTrees Behind the Scenes,3436.0,https://www.youtube.com/embed/qJWG7raBlT8?autoplay=0
Xioty Sev,An9S3OMrAEg,Solo/Duo/Sqauds Creative Zone Wars #TeamTrees Arena Solos 1v1s!!,3676.0,https://www.youtube.com/embed/An9S3OMrAEg?autoplay=0
T90Official - Age Of Empires 2,AIBeJGmGurs,"I Chopped 100,000 Trees in Forest Nothing #teamtrees",3877.0,https://www.youtube.com/embed/AIBeJGmGurs?autoplay=0
Hey Nadine,HbsIgHWzbcQ,#TeamTrees üî¥ LIVE Travel Q&A | HeyNadine,3883.0,https://www.youtube.com/embed/HbsIgHWzbcQ?autoplay=0
Stream - R Œõ Z Œû,a6ZrcTPQ7C4,#TEAMTREES Roblox -  üî¥Live streamüî¥ -  Give away  -  Robux 5 viewers,4225.0,https://www.youtube.com/embed/a6ZrcTPQ7C4?autoplay=0
NOTORIOUS Nateezy,Q8MyARY6b18,TINSELTOES IS BACK !! + HAPPY THANKSGIVING !  | LEVEL 285+ #TeamTrees | Fortnite Battle Royale,4308.0,https://www.youtube.com/embed/Q8MyARY6b18?autoplay=0
Jay Kim,9iHYHTFZ9To,Lazy Stream. News. TCG Openings. #TeamTrees,4330.0,https://www.youtube.com/embed/9iHYHTFZ9To?autoplay=0
Everything YTZ,o6NcRvdQH2U,Live Tree Planting Counter - TeamTrees [20 Million and Beyond!],4343.0,https://www.youtube.com/embed/o6NcRvdQH2U?autoplay=0
smitch idk.,QvBW1vZr1V4,#teamtrees (roblox),4389.0,https://www.youtube.com/embed/QvBW1vZr1V4?autoplay=0
IceGrenade,IRLpy6qoaIw,PART 3 20 MILLION TREES #TEAMTREES CALL OF DUTY CUSTOM ZOMBIES MAP,4400.0,https://www.youtube.com/embed/IRLpy6qoaIw?autoplay=0
EpicEagle787,ZOlVZsbb_jo,Planting 20 million trees in Minecraft *LIVE* #TeamTrees #2,4498.0,https://www.youtube.com/embed/ZOlVZsbb_jo?autoplay=0
Xioty Sev,yKt06x0FwA4,Solo/Duo/Sqauds Creative Zone Wars #TeamTrees Arena Sqauds,4833.0,https://www.youtube.com/embed/yKt06x0FwA4?autoplay=0
Stream - R Œõ Z Œû,ZOD_zGZrgNY,#TEAMTREES Roblox -  üî¥Live streamüî¥ -  20  -  Subscribers Thank You So Much and 1000 views,5295.0,https://www.youtube.com/embed/ZOD_zGZrgNY?autoplay=0
CaptainSparklez 2,iWRq6mmyqVo,Team Trees Minecraft Competition,5620.0,https://www.youtube.com/embed/iWRq6mmyqVo?autoplay=0
Xioty Sev,d31p93Kdyc8,Champion League Grind #TeamTrees,5980.0,https://www.youtube.com/embed/d31p93Kdyc8?autoplay=0
Spuddley,2z_06gneomM,"Planting 20,000,000 Trees, Zombies Edition! #TeamTrees",6010.0,https://www.youtube.com/embed/2z_06gneomM?autoplay=0
Alx Z4nd3r,QFbdROwurwg,DegenerateCast: #TeamTrees,6314.0,https://www.youtube.com/embed/QFbdROwurwg?autoplay=0
PotatoMcWhiskey,4BwaYTYNRvw,I donated $1 for every Woods tile in my Empire #TeamTrees,6359.0,https://www.youtube.com/embed/4BwaYTYNRvw?autoplay=0
RichardiOS275,vXdKMmkVrcw,Planting trees in Roblox #TeamTrees,6514.0,https://www.youtube.com/embed/vXdKMmkVrcw?autoplay=0
CHF,Db6-X_Lgq-o,#TeamTrees Madden Mobile Stream - Every Touchdown = 1 Tree Planted,6812.0,https://www.youtube.com/embed/Db6-X_Lgq-o?autoplay=0
KreekCraft,uJDwPZjm4Vs,HELPING MR BEAST PLANT 20 MILLION TREES... ‚ù§Ô∏èüå≤ #TeamTrees | Roblox Jailbreak LIVE,7242.0,https://www.youtube.com/embed/uJDwPZjm4Vs?autoplay=0
vidIQ,MgEhzCo_32s,"Plant a Tree, Get a Channel Audit - a #TeamTrees and MrBeast Adventure",7342.0,https://www.youtube.com/embed/MgEhzCo_32s?autoplay=0
RTGame Stream Archive,Ww6G3e8EyrI,RTGame Archive:  Minecraft [PART 24] - #TeamTrees,8132.0,https://www.youtube.com/embed/Ww6G3e8EyrI?autoplay=0
BoomPlaysRB,sDRGiSGhrXk,üå≥üî¥ Roblox Charity Livestream! Raising Money for #teamtrees And Playing games! Come Join! üî¥üå≥,8495.0,https://www.youtube.com/embed/sDRGiSGhrXk?autoplay=0
Xioty Sev,ovUqBPn6wLk,Fishing Competition  #TeamTrees,8887.0,https://www.youtube.com/embed/ovUqBPn6wLk?autoplay=0
Uncivil Law,JW4njWmvx0o,"""Tree"" law! Discusssing Gonzales v. Raich #TeamTrees",9249.0,https://www.youtube.com/embed/JW4njWmvx0o?autoplay=0
StarEisLiveNBA,UxnRcVTt07g,"NBA WEEK 2 3 GAMES Thursday, October 3  | #teamtrees",9412.0,https://www.youtube.com/embed/UxnRcVTt07g?autoplay=0
The Garbodors,CTw9GhD01Kc,#TeamTrees - Pokemon Showdown Fundraiser Livestream!,9812.0,https://www.youtube.com/embed/CTw9GhD01Kc?autoplay=0
VLT Sentinel,egi58q-iyqU,PUBG SNIPING AT ITS BEST  | VLT SENTINEL | SUPERCHAT TO SUPPORT #TEAMTREES,9942.0,https://www.youtube.com/embed/egi58q-iyqU?autoplay=0
Fraser | iVexusHD,3kALfmBXDmw,#TeamTrees üî¥ We contributed 399 trees as a stream!!,10181.0,https://www.youtube.com/embed/3kALfmBXDmw?autoplay=0
Stream - R Œõ Z Œû,tV9s49_-PaA,#TEAMTREES Roblox -  üî¥Live streamüî¥ -  20  -  Subscribers Thank You So Much and 1000 views,11041.0,https://www.youtube.com/embed/tV9s49_-PaA?autoplay=0
The Coding Train,HhceJ5xxl-4,Live Stream #187: Fractal #TeamTrees with Physics,11642.0,https://www.youtube.com/embed/HhceJ5xxl-4?autoplay=0
Rurikhan,S3k1BmdSG8s,Iceborne Saving Hunters (SOS) and the World #TeamTrees - Monster Hunter World [MR 360],12375.0,https://www.youtube.com/embed/S3k1BmdSG8s?autoplay=0
Stream - R Œõ Z Œû,SGC1b0sQLlM,#TEAMTREES Minecraft -  üî¥Live streamüî¥ -  Give away cards  - Free PS4 and XBOX!,12916.0,https://www.youtube.com/embed/SGC1b0sQLlM?autoplay=0
Stream - R Œõ Z Œû,RsEheSWznG8,#TEAMTREES Roblox -  üî¥Live streamüî¥ -  Give away  -  Robux 5 viewers,17407.0,https://www.youtube.com/embed/RsEheSWznG8?autoplay=0
Stream - R Œõ Z Œû,xFZFuMMiMHM,#TEAMTREES  Random Game! -  üî¥Live streamüî¥ -  Give away cards  - Free PS4 and XBOX!,17615.0,https://www.youtube.com/embed/xFZFuMMiMHM?autoplay=0
Kingflipper,vGCxFbd5vIo,Call Of Duty MW Campaign Live - 1 Stream - #TeamTrees,17669.0,https://www.youtube.com/embed/vGCxFbd5vIo?autoplay=0
SpACeFrOoT ENTeRtAinMeNT,P4Z3rfORr3g,MrBeast Plants 20 Million Trees - #teamtrees - LIVE COUNTER,19294.0,https://www.youtube.com/embed/P4Z3rfORr3g?autoplay=0
Jesse Hammond,afFGdsScSYU,#TeamTrees Charity LIVESTREAM!,19983.0,https://www.youtube.com/embed/afFGdsScSYU?autoplay=0
Vexily,KDu_RTsdY0Y,"Saying ""Team Trees"" 20,000 to Celebrate Hitting 20,000,000 Trees",20628.0,https://www.youtube.com/embed/KDu_RTsdY0Y?autoplay=0
Bombo Gaming,kHsryl_NM2Y,HELP ME PLANT 20 MILLION TREES IN MINECRAFT! #teamtrees,22751.0,https://www.youtube.com/embed/kHsryl_NM2Y?autoplay=0
SpACeFrOoT ENTeRtAinMeNT,TpZ2qEpjXhw,MrBeast Plants 20 Million Trees - #teamtrees - LIVE COUNTER,24237.0,https://www.youtube.com/embed/TpZ2qEpjXhw?autoplay=0
FatZebraHD,5OdDk5yzevE,üî¥[Live] ZEBRA SQUAD GIVEAWAY ENDS TOMORROW üò≤üò≤üò≤  [ROBLOX LIVESTREAM]    #TEAMTREES üå≤üå≤üå≤,26496.0,https://www.youtube.com/embed/5OdDk5yzevE?autoplay=0
LegendofTotalWar,CLVU9H-zrws,24 Hour Charity Team Trees Livestream - Durthu Tree Only Campaign Part 2,28995.0,https://www.youtube.com/embed/CLVU9H-zrws?autoplay=0
LegendofTotalWar,ZTVkaIxzea0,24 Hour Charity Team Trees Livestream - Durthu Tree Only Campaign Part 1,29024.0,https://www.youtube.com/embed/ZTVkaIxzea0?autoplay=0
SpACeFrOoT ENTeRtAinMeNT,LV66qB3ITFU,MrBeast Plants 20 Million Trees - #teamtrees - LIVE COUNTER,29080.0,https://www.youtube.com/embed/LV66qB3ITFU?autoplay=0
LegendofTotalWar,hoslcOiENSg,24 Hour Charity Team Trees Livestream - Durthu Tree Only Campaign Part 3,29095.0,https://www.youtube.com/embed/hoslcOiENSg?autoplay=0
4oli,oRc8AeYpzFg,Planting 20 Million trees in minecraft part1 #teamtrees,30975.0,https://www.youtube.com/embed/oRc8AeYpzFg?autoplay=0
jacksepticeye,qfemCDzT6uY,Let's Plant 20 Million Trees To Save The World In Minecraft,31013.0,https://www.youtube.com/embed/qfemCDzT6uY?autoplay=0
SpACeFrOoT ENTeRtAinMeNT,FNsQkYlJGKk,MrBeast Plants 20 Million Trees - #teamtrees - LIVE COUNTER,33135.0,https://www.youtube.com/embed/FNsQkYlJGKk?autoplay=0
SpACeFrOoT ENTeRtAinMeNT,mkgCuhs4Ed8,MrBeast Plants 20 Million Trees - #teamtrees - LIVE COUNTER,35426.0,https://www.youtube.com/embed/mkgCuhs4Ed8?autoplay=0
SpACeFrOoT ENTeRtAinMeNT,9R3Q95eePNA,MrBeast Plants 20 Million Trees - #teamtrees - LIVE COUNTER,37153.0,https://www.youtube.com/embed/9R3Q95eePNA?autoplay=0
Angel Menendez ?! œü,kFp0tB0AoBU,#TeamTrees LIVE COUNT! (Angel Menendez vs Angel Menendez Fitness),37468.0,https://www.youtube.com/embed/kFp0tB0AoBU?autoplay=0
tomty gaming,r3yxUTbF-04,Tree counter #teamtrees,39743.0,https://www.youtube.com/embed/r3yxUTbF-04?autoplay=0
SpACeFrOoT ENTeRtAinMeNT,Rd-1e-VE2lQ,MrBeast Plants 20 Million Trees - #teamtrees - LIVE COUNTER,40460.0,https://www.youtube.com/embed/Rd-1e-VE2lQ?autoplay=0
GCROCK,ojslrOwVvFk,The Division 2: Rags to Riches 24-Hour Charity Stream Challenge #TeamTrees | Stream No. 276,42899.0,https://www.youtube.com/embed/ojslrOwVvFk?autoplay=0
Krishna Das,3KMP6YRY60U,#TeamTrees Minecraft Tree Sapling Placement Sound Slowed Down to 48 Hours,172927.0,https://www.youtube.com/embed/3KMP6YRY60U?autoplay=0
vidIQ,8sp0jzzfsds,Live Tree Planting Counter - TeamTrees [20 Million and Beyond!],1657817.0,https://www.youtube.com/embed/8sp0jzzfsds?autoplay=0
SammyCheez,C4bXjb9lrb4,20 MILLION TREES! #TEAMTREES LIVE COUNTER,4065987.0,https://www.youtube.com/embed/C4bXjb9lrb4?autoplay=0
