channel_name,video_id,video_url,emb_url
MrBeast,HPJKxAhLw5I,https://www.youtube.com/watch?v=HPJKxAhLw5I,https://www.youtube.com/embed/HPJKxAhLw5I?autoplay=0
MrBeast,0hVZOJCYBBM,https://www.youtube.com/watch?v=0hVZOJCYBBM,https://www.youtube.com/embed/0hVZOJCYBBM?autoplay=0
Alan Becker,mlLl8eFJgkU,https://www.youtube.com/watch?v=mlLl8eFJgkU,https://www.youtube.com/embed/mlLl8eFJgkU?autoplay=0
FBE,ZNz_tE5VgCY,https://www.youtube.com/watch?v=ZNz_tE5VgCY,https://www.youtube.com/embed/ZNz_tE5VgCY?autoplay=0
Sr Pelo,bxOeVuDaZJI,https://www.youtube.com/watch?v=bxOeVuDaZJI,https://www.youtube.com/embed/bxOeVuDaZJI?autoplay=0
Mark Rober,U7nJBFjKqAY,https://www.youtube.com/watch?v=U7nJBFjKqAY,https://www.youtube.com/embed/U7nJBFjKqAY?autoplay=0
DanTDM,Kv3cYKCUoKM,https://www.youtube.com/watch?v=Kv3cYKCUoKM,https://www.youtube.com/embed/Kv3cYKCUoKM?autoplay=0
vidIQ,lHsymdFIu0U,https://www.youtube.com/watch?v=lHsymdFIu0U,https://www.youtube.com/embed/lHsymdFIu0U?autoplay=0
vidIQ,Pm9rxDSArhQ,https://www.youtube.com/watch?v=Pm9rxDSArhQ,https://www.youtube.com/embed/Pm9rxDSArhQ?autoplay=0
vidIQ,8sp0jzzfsds,https://www.youtube.com/watch?v=8sp0jzzfsds,https://www.youtube.com/embed/8sp0jzzfsds?autoplay=0
vidIQ,s7ijm8YOdSU,https://www.youtube.com/watch?v=s7ijm8YOdSU,https://www.youtube.com/embed/s7ijm8YOdSU?autoplay=0
vidIQ,MgEhzCo_32s,https://www.youtube.com/watch?v=MgEhzCo_32s,https://www.youtube.com/embed/MgEhzCo_32s?autoplay=0
AzzyLand,VI7MYfHCavw,https://www.youtube.com/watch?v=VI7MYfHCavw,https://www.youtube.com/embed/VI7MYfHCavw?autoplay=0
The Infographics Show,-cPdImejxEQ,https://www.youtube.com/watch?v=-cPdImejxEQ,https://www.youtube.com/embed/-cPdImejxEQ?autoplay=0
Inside Edition,w4lOOI16Gd4,https://www.youtube.com/watch?v=w4lOOI16Gd4,https://www.youtube.com/embed/w4lOOI16Gd4?autoplay=0
JOOGSQUAD PPJT,0lbAn92stvk,https://www.youtube.com/watch?v=0lbAn92stvk,https://www.youtube.com/embed/0lbAn92stvk?autoplay=0
Linus Tech Tips,6l8K1eH624I,https://www.youtube.com/watch?v=6l8K1eH624I,https://www.youtube.com/embed/6l8K1eH624I?autoplay=0
Text to Speech Memes,_evx4uC0Iq4,https://www.youtube.com/watch?v=_evx4uC0Iq4,https://www.youtube.com/embed/_evx4uC0Iq4?autoplay=0
Guava Juice,iAPd3rptRw0,https://www.youtube.com/watch?v=iAPd3rptRw0,https://www.youtube.com/embed/iAPd3rptRw0?autoplay=0
Draw Their Life,eoBtuntUMhk,https://www.youtube.com/watch?v=eoBtuntUMhk,https://www.youtube.com/embed/eoBtuntUMhk?autoplay=0
Leonhart,es2lMH147AI,https://www.youtube.com/watch?v=es2lMH147AI,https://www.youtube.com/embed/es2lMH147AI?autoplay=0
Party In Backyard,je6Be62dOoA,https://www.youtube.com/watch?v=je6Be62dOoA,https://www.youtube.com/embed/je6Be62dOoA?autoplay=0
TierZoo,pLL4yPpTCBA,https://www.youtube.com/watch?v=pLL4yPpTCBA,https://www.youtube.com/embed/pLL4yPpTCBA?autoplay=0
jacksepticeye,TqilUw75Qh8,https://www.youtube.com/watch?v=TqilUw75Qh8,https://www.youtube.com/embed/TqilUw75Qh8?autoplay=0
jacksepticeye,qfemCDzT6uY,https://www.youtube.com/watch?v=qfemCDzT6uY,https://www.youtube.com/embed/qfemCDzT6uY?autoplay=0
DramaAlert,7EY-C4G8bPU,https://www.youtube.com/watch?v=7EY-C4G8bPU,https://www.youtube.com/embed/7EY-C4G8bPU?autoplay=0
PewDiePie,hT0uqXlZ70A,https://www.youtube.com/watch?v=hT0uqXlZ70A,https://www.youtube.com/embed/hT0uqXlZ70A?autoplay=0
PewDiePie,LlW7Es7gStA,https://www.youtube.com/watch?v=LlW7Es7gStA,https://www.youtube.com/embed/LlW7Es7gStA?autoplay=0
Randomonium,QTqcPRKn20o,https://www.youtube.com/watch?v=QTqcPRKn20o,https://www.youtube.com/embed/QTqcPRKn20o?autoplay=0
Hevesh5,ZsWFVEs3GHQ,https://www.youtube.com/watch?v=ZsWFVEs3GHQ,https://www.youtube.com/embed/ZsWFVEs3GHQ?autoplay=0
Captain Disillusion,IK7QXAUvCOA,https://www.youtube.com/watch?v=IK7QXAUvCOA,https://www.youtube.com/embed/IK7QXAUvCOA?autoplay=0
LifesBiggestQuestions,xhMcsf5pIHo,https://www.youtube.com/watch?v=xhMcsf5pIHo,https://www.youtube.com/embed/xhMcsf5pIHo?autoplay=0
Memenade,l9q22egaqGY,https://www.youtube.com/watch?v=l9q22egaqGY,https://www.youtube.com/embed/l9q22egaqGY?autoplay=0
Lizzy Capri,HhlX9XjZ2dM,https://www.youtube.com/watch?v=HhlX9XjZ2dM,https://www.youtube.com/embed/HhlX9XjZ2dM?autoplay=0
The Try Guys,NG6qRvbj4UU,https://www.youtube.com/watch?v=NG6qRvbj4UU,https://www.youtube.com/embed/NG6qRvbj4UU?autoplay=0
Vat19,W1bfcLnrsDc,https://www.youtube.com/watch?v=W1bfcLnrsDc,https://www.youtube.com/embed/W1bfcLnrsDc?autoplay=0
Market Power,X-Z8ALICSxA,https://www.youtube.com/watch?v=X-Z8ALICSxA,https://www.youtube.com/embed/X-Z8ALICSxA?autoplay=0
Market Power,qYnSGx8ABf8,https://www.youtube.com/watch?v=qYnSGx8ABf8,https://www.youtube.com/embed/qYnSGx8ABf8?autoplay=0
Market Power,vdA5bRDT8Ls,https://www.youtube.com/watch?v=vdA5bRDT8Ls,https://www.youtube.com/embed/vdA5bRDT8Ls?autoplay=0
Market Power,m_IcLoPpwQs,https://www.youtube.com/watch?v=m_IcLoPpwQs,https://www.youtube.com/embed/m_IcLoPpwQs?autoplay=0
Market Power,0k7tgk-5iKo,https://www.youtube.com/watch?v=0k7tgk-5iKo,https://www.youtube.com/embed/0k7tgk-5iKo?autoplay=0
Market Power,wgOAIL2ilR8,https://www.youtube.com/watch?v=wgOAIL2ilR8,https://www.youtube.com/embed/wgOAIL2ilR8?autoplay=0
Mike Boyd,JiqTNObyFRQ,https://www.youtube.com/watch?v=JiqTNObyFRQ,https://www.youtube.com/embed/JiqTNObyFRQ?autoplay=0
SmarterEveryDay,7bsuXsxX950,https://www.youtube.com/watch?v=7bsuXsxX950,https://www.youtube.com/embed/7bsuXsxX950?autoplay=0
HowToBasic,MqH8WtR5hWs,https://www.youtube.com/watch?v=MqH8WtR5hWs,https://www.youtube.com/embed/MqH8WtR5hWs?autoplay=0
Kwebbelkop,FFjoU0YJn3Y,https://www.youtube.com/watch?v=FFjoU0YJn3Y,https://www.youtube.com/embed/FFjoU0YJn3Y?autoplay=0
the Hacksmith,AYo5-OkjSk0,https://www.youtube.com/watch?v=AYo5-OkjSk0,https://www.youtube.com/embed/AYo5-OkjSk0?autoplay=0
Mike Allright,WLMOmHHnddw,https://www.youtube.com/watch?v=WLMOmHHnddw,https://www.youtube.com/embed/WLMOmHHnddw?autoplay=0
Nathan Doan Comedy,xymSiRpSRu8,https://www.youtube.com/watch?v=xymSiRpSRu8,https://www.youtube.com/embed/xymSiRpSRu8?autoplay=0
TED-Ed,TRIBbTo5Svc,https://www.youtube.com/watch?v=TRIBbTo5Svc,https://www.youtube.com/embed/TRIBbTo5Svc?autoplay=0
LoverFella,tNJCYwual9Q,https://www.youtube.com/watch?v=tNJCYwual9Q,https://www.youtube.com/embed/tNJCYwual9Q?autoplay=0
TheTekkitRealm,7LXrfEu1HmM,https://www.youtube.com/watch?v=7LXrfEu1HmM,https://www.youtube.com/embed/7LXrfEu1HmM?autoplay=0
John Fish,SNdtMjkRVrU,https://www.youtube.com/watch?v=SNdtMjkRVrU,https://www.youtube.com/embed/SNdtMjkRVrU?autoplay=0
Aspect Science,SLHCA-hHx4Y,https://www.youtube.com/watch?v=SLHCA-hHx4Y,https://www.youtube.com/embed/SLHCA-hHx4Y?autoplay=0
زهراء يونيك zhraa2 unicue,sxz-xvr-7cs,https://www.youtube.com/watch?v=sxz-xvr-7cs,https://www.youtube.com/embed/sxz-xvr-7cs?autoplay=0
Because Science,k0DHJTG2iuQ,https://www.youtube.com/watch?v=k0DHJTG2iuQ,https://www.youtube.com/embed/k0DHJTG2iuQ?autoplay=0
MidWestly,0ksapLvMrgE,https://www.youtube.com/watch?v=0ksapLvMrgE,https://www.youtube.com/embed/0ksapLvMrgE?autoplay=0
PeterSripol,WcnVW1W705k,https://www.youtube.com/watch?v=WcnVW1W705k,https://www.youtube.com/embed/WcnVW1W705k?autoplay=0
Youtube Battles,AMffdVUQgbk,https://www.youtube.com/watch?v=AMffdVUQgbk,https://www.youtube.com/embed/AMffdVUQgbk?autoplay=0
Youtube Battles,LdLSs7LMd-0,https://www.youtube.com/watch?v=LdLSs7LMd-0,https://www.youtube.com/embed/LdLSs7LMd-0?autoplay=0
Neytirix,oliowzwT2uU,https://www.youtube.com/watch?v=oliowzwT2uU,https://www.youtube.com/embed/oliowzwT2uU?autoplay=0
LDShadowLady,g6JkRxhPAHI,https://www.youtube.com/watch?v=g6JkRxhPAHI,https://www.youtube.com/embed/g6JkRxhPAHI?autoplay=0
ElectroBOOM,gqng2MPClO8,https://www.youtube.com/watch?v=gqng2MPClO8,https://www.youtube.com/embed/gqng2MPClO8?autoplay=0
Black Gryph0n,KijsOzOdQ-M,https://www.youtube.com/watch?v=KijsOzOdQ-M,https://www.youtube.com/embed/KijsOzOdQ-M?autoplay=0
Grandayy,VqgpU84RC2I,https://www.youtube.com/watch?v=VqgpU84RC2I,https://www.youtube.com/embed/VqgpU84RC2I?autoplay=0
TikViral,ajrTfdRGfy8,https://www.youtube.com/watch?v=ajrTfdRGfy8,https://www.youtube.com/embed/ajrTfdRGfy8?autoplay=0
Gibi ASMR,F5-Mv4ZO3fk,https://www.youtube.com/watch?v=F5-Mv4ZO3fk,https://www.youtube.com/embed/F5-Mv4ZO3fk?autoplay=0
Relex,Pm9U4Zc5_Gk,https://www.youtube.com/watch?v=Pm9U4Zc5_Gk,https://www.youtube.com/embed/Pm9U4Zc5_Gk?autoplay=0
Ninja,NywhZbyiXPo,https://www.youtube.com/watch?v=NywhZbyiXPo,https://www.youtube.com/embed/NywhZbyiXPo?autoplay=0
Gamers React,BqCPGHoWkmg,https://www.youtube.com/watch?v=BqCPGHoWkmg,https://www.youtube.com/embed/BqCPGHoWkmg?autoplay=0
Gamers React,62cssHJMcXk,https://www.youtube.com/watch?v=62cssHJMcXk,https://www.youtube.com/embed/62cssHJMcXk?autoplay=0
Logdotzip,exoFrIJwwV0,https://www.youtube.com/watch?v=exoFrIJwwV0,https://www.youtube.com/embed/exoFrIJwwV0?autoplay=0
Stephen Yeager,BnQXER2G8ok,https://www.youtube.com/watch?v=BnQXER2G8ok,https://www.youtube.com/embed/BnQXER2G8ok?autoplay=0
Exility,4KmV1YxWeHY,https://www.youtube.com/watch?v=4KmV1YxWeHY,https://www.youtube.com/embed/4KmV1YxWeHY?autoplay=0
Data Ghost,ZlYwrPUYOr8,https://www.youtube.com/watch?v=ZlYwrPUYOr8,https://www.youtube.com/embed/ZlYwrPUYOr8?autoplay=0
Sally Le Page,h2Vs7tYQcmY,https://www.youtube.com/watch?v=h2Vs7tYQcmY,https://www.youtube.com/embed/h2Vs7tYQcmY?autoplay=0
BattleTV,dCs3mHoEnEw,https://www.youtube.com/watch?v=dCs3mHoEnEw,https://www.youtube.com/embed/dCs3mHoEnEw?autoplay=0
Anne Reburn,Pe4pKp5Alt4,https://www.youtube.com/watch?v=Pe4pKp5Alt4,https://www.youtube.com/embed/Pe4pKp5Alt4?autoplay=0
DanPlan,uuINvlX_Gb0,https://www.youtube.com/watch?v=uuINvlX_Gb0,https://www.youtube.com/embed/uuINvlX_Gb0?autoplay=0
MinuteEarth,5sp87LcBZLo,https://www.youtube.com/watch?v=5sp87LcBZLo,https://www.youtube.com/embed/5sp87LcBZLo?autoplay=0
My Self Reliance,5uwe7qVtrrg,https://www.youtube.com/watch?v=5uwe7qVtrrg,https://www.youtube.com/embed/5uwe7qVtrrg?autoplay=0
LifeOfShark,IYiWFWLwv3g,https://www.youtube.com/watch?v=IYiWFWLwv3g,https://www.youtube.com/embed/IYiWFWLwv3g?autoplay=0
bordie,zMpTLrdkdps,https://www.youtube.com/watch?v=zMpTLrdkdps,https://www.youtube.com/embed/zMpTLrdkdps?autoplay=0
JT Music,iwjhkaEB7E8,https://www.youtube.com/watch?v=iwjhkaEB7E8,https://www.youtube.com/embed/iwjhkaEB7E8?autoplay=0
TheTalentlessWriter,Zlua9R1l7VE,https://www.youtube.com/watch?v=Zlua9R1l7VE,https://www.youtube.com/embed/Zlua9R1l7VE?autoplay=0
Mini Ladd,pATSoQU_axc,https://www.youtube.com/watch?v=pATSoQU_axc,https://www.youtube.com/embed/pATSoQU_axc?autoplay=0
SciShow,0emgG3lOvmg,https://www.youtube.com/watch?v=0emgG3lOvmg,https://www.youtube.com/embed/0emgG3lOvmg?autoplay=0
Flowerscow,yu_Hl9zrnAk,https://www.youtube.com/watch?v=yu_Hl9zrnAk,https://www.youtube.com/embed/yu_Hl9zrnAk?autoplay=0
GrayWalf,TIdHHlxmoyY,https://www.youtube.com/watch?v=TIdHHlxmoyY,https://www.youtube.com/embed/TIdHHlxmoyY?autoplay=0
TwizzFizz,95Gh_RCfWrM,https://www.youtube.com/watch?v=95Gh_RCfWrM,https://www.youtube.com/embed/95Gh_RCfWrM?autoplay=0
Susan Wojcicki,KEA8wis3FIs,https://www.youtube.com/watch?v=KEA8wis3FIs,https://www.youtube.com/embed/KEA8wis3FIs?autoplay=0
Back Guy,0Eg84esa2IU,https://www.youtube.com/watch?v=0Eg84esa2IU,https://www.youtube.com/embed/0Eg84esa2IU?autoplay=0
Lost Pause,jdW33V9Fokw,https://www.youtube.com/watch?v=jdW33V9Fokw,https://www.youtube.com/embed/jdW33V9Fokw?autoplay=0
NOS Jeugdjournaal,mbB9gutKEG0,https://www.youtube.com/watch?v=mbB9gutKEG0,https://www.youtube.com/embed/mbB9gutKEG0?autoplay=0
NOS Jeugdjournaal,uekup9IuwrM,https://www.youtube.com/watch?v=uekup9IuwrM,https://www.youtube.com/embed/uekup9IuwrM?autoplay=0
LEMMiNO,GbetzV4l4CY,https://www.youtube.com/watch?v=GbetzV4l4CY,https://www.youtube.com/embed/GbetzV4l4CY?autoplay=0
Arcade Matt,w89UZ5XOoLc,https://www.youtube.com/watch?v=w89UZ5XOoLc,https://www.youtube.com/embed/w89UZ5XOoLc?autoplay=0
CG Geek,Qf5dho10OfI,https://www.youtube.com/watch?v=Qf5dho10OfI,https://www.youtube.com/embed/Qf5dho10OfI?autoplay=0
AsapSCIENCE,Qq9CQKNplpw,https://www.youtube.com/watch?v=Qq9CQKNplpw,https://www.youtube.com/embed/Qq9CQKNplpw?autoplay=0
ZeldaFeb,Om231V8JFWw,https://www.youtube.com/watch?v=Om231V8JFWw,https://www.youtube.com/embed/Om231V8JFWw?autoplay=0
T90Official - Age Of Empires 2,AIBeJGmGurs,https://www.youtube.com/watch?v=AIBeJGmGurs,https://www.youtube.com/embed/AIBeJGmGurs?autoplay=0
Mr Atheist,x6yNoiepk_A,https://www.youtube.com/watch?v=x6yNoiepk_A,https://www.youtube.com/embed/x6yNoiepk_A?autoplay=0
Sketch,Glzt34NfFUg,https://www.youtube.com/watch?v=Glzt34NfFUg,https://www.youtube.com/embed/Glzt34NfFUg?autoplay=0
Hiper,78Fb1qUR8Y8,https://www.youtube.com/watch?v=78Fb1qUR8Y8,https://www.youtube.com/embed/78Fb1qUR8Y8?autoplay=0
Skychrew,0AXwCAIh_S0,https://www.youtube.com/watch?v=0AXwCAIh_S0,https://www.youtube.com/embed/0AXwCAIh_S0?autoplay=0
Bandi,L1d7VZ6RPl8,https://www.youtube.com/watch?v=L1d7VZ6RPl8,https://www.youtube.com/embed/L1d7VZ6RPl8?autoplay=0
Reaction Mashup Lover,EZxFBcOGO7A,https://www.youtube.com/watch?v=EZxFBcOGO7A,https://www.youtube.com/embed/EZxFBcOGO7A?autoplay=0
unCAGEDgamez,OFeD_4bZppk,https://www.youtube.com/watch?v=OFeD_4bZppk,https://www.youtube.com/embed/OFeD_4bZppk?autoplay=0
Louie The Beagle,Gh6CXmBDLVM,https://www.youtube.com/watch?v=Gh6CXmBDLVM,https://www.youtube.com/embed/Gh6CXmBDLVM?autoplay=0
Spuddley,2z_06gneomM,https://www.youtube.com/watch?v=2z_06gneomM,https://www.youtube.com/embed/2z_06gneomM?autoplay=0
Daggerwin,tHvnKa_mCic,https://www.youtube.com/watch?v=tHvnKa_mCic,https://www.youtube.com/embed/tHvnKa_mCic?autoplay=0
Shot of The Yeagers,j0dVwf0wRFw,https://www.youtube.com/watch?v=j0dVwf0wRFw,https://www.youtube.com/embed/j0dVwf0wRFw?autoplay=0
Ph1LzA,KTrliR_wTUU,https://www.youtube.com/watch?v=KTrliR_wTUU,https://www.youtube.com/embed/KTrliR_wTUU?autoplay=0
えばそんEntertainment,Hql0YFzNp-U,https://www.youtube.com/watch?v=Hql0YFzNp-U,https://www.youtube.com/embed/Hql0YFzNp-U?autoplay=0
Alphan Ecevit,rgFs86vSKSk,https://www.youtube.com/watch?v=rgFs86vSKSk,https://www.youtube.com/embed/rgFs86vSKSk?autoplay=0
Pani Kruk,0xv6TIEqxCU,https://www.youtube.com/watch?v=0xv6TIEqxCU,https://www.youtube.com/embed/0xv6TIEqxCU?autoplay=0
Cody'sLab,gE14cz-tEk0,https://www.youtube.com/watch?v=gE14cz-tEk0,https://www.youtube.com/embed/gE14cz-tEk0?autoplay=0
It's Alex Clark,g5bEYs9QzC8,https://www.youtube.com/watch?v=g5bEYs9QzC8,https://www.youtube.com/embed/g5bEYs9QzC8?autoplay=0
Pickdroppers,CNGrx3oDO5U,https://www.youtube.com/watch?v=CNGrx3oDO5U,https://www.youtube.com/embed/CNGrx3oDO5U?autoplay=0
Gone to the Snow Dogs,G4QSB4PFfoI,https://www.youtube.com/watch?v=G4QSB4PFfoI,https://www.youtube.com/embed/G4QSB4PFfoI?autoplay=0
EvanEraTV,53Tmx_BBaOc,https://www.youtube.com/watch?v=53Tmx_BBaOc,https://www.youtube.com/embed/53Tmx_BBaOc?autoplay=0
JerryRigEverything,k1TyDOwe67I,https://www.youtube.com/watch?v=k1TyDOwe67I,https://www.youtube.com/embed/k1TyDOwe67I?autoplay=0
Jesus Christ,G_QiBdZJuCY,https://www.youtube.com/watch?v=G_QiBdZJuCY,https://www.youtube.com/embed/G_QiBdZJuCY?autoplay=0
EXCEPT,FNZIIkUbCb8,https://www.youtube.com/watch?v=FNZIIkUbCb8,https://www.youtube.com/embed/FNZIIkUbCb8?autoplay=0
Your Narrator,js6pKx9_1dc,https://www.youtube.com/watch?v=js6pKx9_1dc,https://www.youtube.com/embed/js6pKx9_1dc?autoplay=0
KreekCraft,uJDwPZjm4Vs,https://www.youtube.com/watch?v=uJDwPZjm4Vs,https://www.youtube.com/embed/uJDwPZjm4Vs?autoplay=0
NerdECrafter,oxSNIST_2yU,https://www.youtube.com/watch?v=oxSNIST_2yU,https://www.youtube.com/embed/oxSNIST_2yU?autoplay=0
Insanitanium,SojsYT3edLk,https://www.youtube.com/watch?v=SojsYT3edLk,https://www.youtube.com/embed/SojsYT3edLk?autoplay=0
Insanitanium,yVT41UoJBXM,https://www.youtube.com/watch?v=yVT41UoJBXM,https://www.youtube.com/embed/yVT41UoJBXM?autoplay=0
Sunn,6J_dNTgvPXA,https://www.youtube.com/watch?v=6J_dNTgvPXA,https://www.youtube.com/embed/6J_dNTgvPXA?autoplay=0
Thunderf00t,gqht2bIQXIY,https://www.youtube.com/watch?v=gqht2bIQXIY,https://www.youtube.com/embed/gqht2bIQXIY?autoplay=0
Beefy Smash Doods,vk_5ElPd55g,https://www.youtube.com/watch?v=vk_5ElPd55g,https://www.youtube.com/embed/vk_5ElPd55g?autoplay=0
One Topic At A Time,7j6vUbyxsOQ,https://www.youtube.com/watch?v=7j6vUbyxsOQ,https://www.youtube.com/embed/7j6vUbyxsOQ?autoplay=0
Smarter Every Day 2,qJWG7raBlT8,https://www.youtube.com/watch?v=qJWG7raBlT8,https://www.youtube.com/embed/qJWG7raBlT8?autoplay=0
Steelorse,IBRQA3CzWs4,https://www.youtube.com/watch?v=IBRQA3CzWs4,https://www.youtube.com/embed/IBRQA3CzWs4?autoplay=0
It's Okay To Be Smart,srzniA8EKDk,https://www.youtube.com/watch?v=srzniA8EKDk,https://www.youtube.com/embed/srzniA8EKDk?autoplay=0
MandJTV,iW4lHAYAO28,https://www.youtube.com/watch?v=iW4lHAYAO28,https://www.youtube.com/embed/iW4lHAYAO28?autoplay=0
Juniper,OrKZ5hAPPZM,https://www.youtube.com/watch?v=OrKZ5hAPPZM,https://www.youtube.com/embed/OrKZ5hAPPZM?autoplay=0
Beau of the Fifth Column,f5xaL23roXg,https://www.youtube.com/watch?v=f5xaL23roXg,https://www.youtube.com/embed/f5xaL23roXg?autoplay=0
Davie504,XE3HJZRQ230,https://www.youtube.com/watch?v=XE3HJZRQ230,https://www.youtube.com/embed/XE3HJZRQ230?autoplay=0
Ameli TVIT,pqwqEHQX57o,https://www.youtube.com/watch?v=pqwqEHQX57o,https://www.youtube.com/embed/pqwqEHQX57o?autoplay=0
Viva La Dirt League,I_eU29mGHC0,https://www.youtube.com/watch?v=I_eU29mGHC0,https://www.youtube.com/embed/I_eU29mGHC0?autoplay=0
Bombo Gaming,kHsryl_NM2Y,https://www.youtube.com/watch?v=kHsryl_NM2Y,https://www.youtube.com/embed/kHsryl_NM2Y?autoplay=0
SackbotNinja03,tXPLFp4HNbs,https://www.youtube.com/watch?v=tXPLFp4HNbs,https://www.youtube.com/embed/tXPLFp4HNbs?autoplay=0
Neoncat Reacts,Cpt2UYCAyaw,https://www.youtube.com/watch?v=Cpt2UYCAyaw,https://www.youtube.com/embed/Cpt2UYCAyaw?autoplay=0
Mr. Beat,RqVB6cHAfFM,https://www.youtube.com/watch?v=RqVB6cHAfFM,https://www.youtube.com/embed/RqVB6cHAfFM?autoplay=0
Just Tank,kV-HBBfyL4E,https://www.youtube.com/watch?v=kV-HBBfyL4E,https://www.youtube.com/embed/kV-HBBfyL4E?autoplay=0
NICO_THE_PRO,jzuGPF2JB8o,https://www.youtube.com/watch?v=jzuGPF2JB8o,https://www.youtube.com/embed/jzuGPF2JB8o?autoplay=0
NICO_THE_PRO,qQzBYO9Ychg,https://www.youtube.com/watch?v=qQzBYO9Ychg,https://www.youtube.com/embed/qQzBYO9Ychg?autoplay=0
NICO_THE_PRO,U08PWLXsBR0,https://www.youtube.com/watch?v=U08PWLXsBR0,https://www.youtube.com/embed/U08PWLXsBR0?autoplay=0
NICO_THE_PRO,Tajqfm1h26Q,https://www.youtube.com/watch?v=Tajqfm1h26Q,https://www.youtube.com/embed/Tajqfm1h26Q?autoplay=0
Dylan Polley,ewzyAF9j3U0,https://www.youtube.com/watch?v=ewzyAF9j3U0,https://www.youtube.com/embed/ewzyAF9j3U0?autoplay=0
Count Dankula,8-Ykr3CdmE0,https://www.youtube.com/watch?v=8-Ykr3CdmE0,https://www.youtube.com/embed/8-Ykr3CdmE0?autoplay=0
hankschannel,YfR1s1tlusE,https://www.youtube.com/watch?v=YfR1s1tlusE,https://www.youtube.com/embed/YfR1s1tlusE?autoplay=0
Medlife Crisis,Vx6H1uvQd7k,https://www.youtube.com/watch?v=Vx6H1uvQd7k,https://www.youtube.com/embed/Vx6H1uvQd7k?autoplay=0
TepkiKolik,mwOOXLC23BE,https://www.youtube.com/watch?v=mwOOXLC23BE,https://www.youtube.com/embed/mwOOXLC23BE?autoplay=0
WhizKidHero,ACspBFa3nYk,https://www.youtube.com/watch?v=ACspBFa3nYk,https://www.youtube.com/embed/ACspBFa3nYk?autoplay=0
MyUsernamesThis,CvfkXD1UNOc,https://www.youtube.com/watch?v=CvfkXD1UNOc,https://www.youtube.com/embed/CvfkXD1UNOc?autoplay=0
RedWhiteandPew,FLKFTh99IWE,https://www.youtube.com/watch?v=FLKFTh99IWE,https://www.youtube.com/embed/FLKFTh99IWE?autoplay=0
Асгардский Арп,ORex11pHpVY,https://www.youtube.com/watch?v=ORex11pHpVY,https://www.youtube.com/embed/ORex11pHpVY?autoplay=0
Chaos Core Tech,qNWZXoJiL8Y,https://www.youtube.com/watch?v=qNWZXoJiL8Y,https://www.youtube.com/embed/qNWZXoJiL8Y?autoplay=0
Slipperyjim8,13MQldzwxkE,https://www.youtube.com/watch?v=13MQldzwxkE,https://www.youtube.com/embed/13MQldzwxkE?autoplay=0
3D Printing Nerd,Y-0jODb6OtA,https://www.youtube.com/watch?v=Y-0jODb6OtA,https://www.youtube.com/embed/Y-0jODb6OtA?autoplay=0
3D Printing Nerd,3fGlvusJsrI,https://www.youtube.com/watch?v=3fGlvusJsrI,https://www.youtube.com/embed/3fGlvusJsrI?autoplay=0
WALULIS DAILY,yokGFB-d6Vg,https://www.youtube.com/watch?v=yokGFB-d6Vg,https://www.youtube.com/embed/yokGFB-d6Vg?autoplay=0
TiffyQuake,YKuLcoVFzqM,https://www.youtube.com/watch?v=YKuLcoVFzqM,https://www.youtube.com/embed/YKuLcoVFzqM?autoplay=0
Geovarock Fandubs,O8KQxXBO7pI,https://www.youtube.com/watch?v=O8KQxXBO7pI,https://www.youtube.com/embed/O8KQxXBO7pI?autoplay=0
DotoDoya,QIQ0KHcBeMI,https://www.youtube.com/watch?v=QIQ0KHcBeMI,https://www.youtube.com/embed/QIQ0KHcBeMI?autoplay=0
RTGame Stream Archive,Ww6G3e8EyrI,https://www.youtube.com/watch?v=Ww6G3e8EyrI,https://www.youtube.com/embed/Ww6G3e8EyrI?autoplay=0
Lingualizer,yUJXywNM6Ns,https://www.youtube.com/watch?v=yUJXywNM6Ns,https://www.youtube.com/embed/yUJXywNM6Ns?autoplay=0
King Kalos,QHQu1MqfT9A,https://www.youtube.com/watch?v=QHQu1MqfT9A,https://www.youtube.com/embed/QHQu1MqfT9A?autoplay=0
Mrck10,7u7Hyp2TyZk,https://www.youtube.com/watch?v=7u7Hyp2TyZk,https://www.youtube.com/embed/7u7Hyp2TyZk?autoplay=0
The Thought Emporium,tbXBEd7PL9A,https://www.youtube.com/watch?v=tbXBEd7PL9A,https://www.youtube.com/embed/tbXBEd7PL9A?autoplay=0
NerdOut2,pMZ06tLH7v0,https://www.youtube.com/watch?v=pMZ06tLH7v0,https://www.youtube.com/embed/pMZ06tLH7v0?autoplay=0
Ami Yamato,EFA925kQHiM,https://www.youtube.com/watch?v=EFA925kQHiM,https://www.youtube.com/embed/EFA925kQHiM?autoplay=0
Minecraft PE Logdotzip,bWdn2HWhZZ8,https://www.youtube.com/watch?v=bWdn2HWhZZ8,https://www.youtube.com/embed/bWdn2HWhZZ8?autoplay=0
Nathorix,iHDuf1hLpaI,https://www.youtube.com/watch?v=iHDuf1hLpaI,https://www.youtube.com/embed/iHDuf1hLpaI?autoplay=0
iHasCupquake,YWDHysn7kpU,https://www.youtube.com/watch?v=YWDHysn7kpU,https://www.youtube.com/embed/YWDHysn7kpU?autoplay=0
Donut Operator,6Waq-UrvkSY,https://www.youtube.com/watch?v=6Waq-UrvkSY,https://www.youtube.com/embed/6Waq-UrvkSY?autoplay=0
JackSucksAtLife,O9N7UcdFVa8,https://www.youtube.com/watch?v=O9N7UcdFVa8,https://www.youtube.com/embed/O9N7UcdFVa8?autoplay=0
Alex Gasaway,7LtQkgBkFR4,https://www.youtube.com/watch?v=7LtQkgBkFR4,https://www.youtube.com/embed/7LtQkgBkFR4?autoplay=0
DG Olchu,5P88NOX1_Rs,https://www.youtube.com/watch?v=5P88NOX1_Rs,https://www.youtube.com/embed/5P88NOX1_Rs?autoplay=0
Bajan Canadian,_8cnPOWFSYI,https://www.youtube.com/watch?v=_8cnPOWFSYI,https://www.youtube.com/embed/_8cnPOWFSYI?autoplay=0
Comic Drake,3vqczc9lv4E,https://www.youtube.com/watch?v=3vqczc9lv4E,https://www.youtube.com/embed/3vqczc9lv4E?autoplay=0
One World,EFNmPs2Obqo,https://www.youtube.com/watch?v=EFNmPs2Obqo,https://www.youtube.com/embed/EFNmPs2Obqo?autoplay=0
GoldActual,xygBlTIv9U0,https://www.youtube.com/watch?v=xygBlTIv9U0,https://www.youtube.com/embed/xygBlTIv9U0?autoplay=0
Volkyy,Y40oQ4dmh-I,https://www.youtube.com/watch?v=Y40oQ4dmh-I,https://www.youtube.com/embed/Y40oQ4dmh-I?autoplay=0
The Garbodors,CTw9GhD01Kc,https://www.youtube.com/watch?v=CTw9GhD01Kc,https://www.youtube.com/embed/CTw9GhD01Kc?autoplay=0
pwnyy,h4gKd6YEciY,https://www.youtube.com/watch?v=h4gKd6YEciY,https://www.youtube.com/embed/h4gKd6YEciY?autoplay=0
WheezyNews,YAxs1qLXWBE,https://www.youtube.com/watch?v=YAxs1qLXWBE,https://www.youtube.com/embed/YAxs1qLXWBE?autoplay=0
OLHZN Space Balloons,-gZBhlRuwqw,https://www.youtube.com/watch?v=-gZBhlRuwqw,https://www.youtube.com/embed/-gZBhlRuwqw?autoplay=0
Indow,vs4YMpUmm_A,https://www.youtube.com/watch?v=vs4YMpUmm_A,https://www.youtube.com/embed/vs4YMpUmm_A?autoplay=0
Subi Reacts,DOdDURQtXFI,https://www.youtube.com/watch?v=DOdDURQtXFI,https://www.youtube.com/embed/DOdDURQtXFI?autoplay=0
YourBoy Stormy,AzjkxYmpNwI,https://www.youtube.com/watch?v=AzjkxYmpNwI,https://www.youtube.com/embed/AzjkxYmpNwI?autoplay=0
PotatoMcWhiskey,4BwaYTYNRvw,https://www.youtube.com/watch?v=4BwaYTYNRvw,https://www.youtube.com/embed/4BwaYTYNRvw?autoplay=0
Quig,x8r2UhAgvVY,https://www.youtube.com/watch?v=x8r2UhAgvVY,https://www.youtube.com/embed/x8r2UhAgvVY?autoplay=0
Spencer's Nursery,7vqDjtLrWZg,https://www.youtube.com/watch?v=7vqDjtLrWZg,https://www.youtube.com/embed/7vqDjtLrWZg?autoplay=0
Watercooler,KQJ6ze3E0kA,https://www.youtube.com/watch?v=KQJ6ze3E0kA,https://www.youtube.com/embed/KQJ6ze3E0kA?autoplay=0
Larry,w5r2fq-uq48,https://www.youtube.com/watch?v=w5r2fq-uq48,https://www.youtube.com/embed/w5r2fq-uq48?autoplay=0
SoCassie,WKf5SmWuT-Q,https://www.youtube.com/watch?v=WKf5SmWuT-Q,https://www.youtube.com/embed/WKf5SmWuT-Q?autoplay=0
RedKB,QdTcT2bYWhM,https://www.youtube.com/watch?v=QdTcT2bYWhM,https://www.youtube.com/embed/QdTcT2bYWhM?autoplay=0
RP's Lair,P22SXxDuJ8Y,https://www.youtube.com/watch?v=P22SXxDuJ8Y,https://www.youtube.com/embed/P22SXxDuJ8Y?autoplay=0
ChewieCatt,ur20uBEDEKQ,https://www.youtube.com/watch?v=ur20uBEDEKQ,https://www.youtube.com/embed/ur20uBEDEKQ?autoplay=0
GamingWithKev,dTqotMJYcMQ,https://www.youtube.com/watch?v=dTqotMJYcMQ,https://www.youtube.com/embed/dTqotMJYcMQ?autoplay=0
מר שיבולת SHIB,IzSykIrleXg,https://www.youtube.com/watch?v=IzSykIrleXg,https://www.youtube.com/embed/IzSykIrleXg?autoplay=0
Tara BelleRose,c7zizaxZKDQ,https://www.youtube.com/watch?v=c7zizaxZKDQ,https://www.youtube.com/embed/c7zizaxZKDQ?autoplay=0
Porçay,JvoEtd2t4ro,https://www.youtube.com/watch?v=JvoEtd2t4ro,https://www.youtube.com/embed/JvoEtd2t4ro?autoplay=0
TheLoadingCrew,hsMGMmGG8i4,https://www.youtube.com/watch?v=hsMGMmGG8i4,https://www.youtube.com/embed/hsMGMmGG8i4?autoplay=0
Mont27P,D5U2zMXfabc,https://www.youtube.com/watch?v=D5U2zMXfabc,https://www.youtube.com/embed/D5U2zMXfabc?autoplay=0
HeatheredEffect ASMR,_zT8aOvNLaY,https://www.youtube.com/watch?v=_zT8aOvNLaY,https://www.youtube.com/embed/_zT8aOvNLaY?autoplay=0
NaSty-GALAXY,nrCXdQiIx9A,https://www.youtube.com/watch?v=nrCXdQiIx9A,https://www.youtube.com/embed/nrCXdQiIx9A?autoplay=0
Rouge the bat,mxJdiV7fsj4,https://www.youtube.com/watch?v=mxJdiV7fsj4,https://www.youtube.com/embed/mxJdiV7fsj4?autoplay=0
Wefere news,APxUJmZNzqw,https://www.youtube.com/watch?v=APxUJmZNzqw,https://www.youtube.com/embed/APxUJmZNzqw?autoplay=0
DR.Dragon 420,qfKM5meq8nU,https://www.youtube.com/watch?v=qfKM5meq8nU,https://www.youtube.com/embed/qfKM5meq8nU?autoplay=0
Fizica cu Cristian Presură,pd_r4igH6Hw,https://www.youtube.com/watch?v=pd_r4igH6Hw,https://www.youtube.com/embed/pd_r4igH6Hw?autoplay=0
mihasandr,zWOSdZWCO9k,https://www.youtube.com/watch?v=zWOSdZWCO9k,https://www.youtube.com/embed/zWOSdZWCO9k?autoplay=0
HelloThalita,Zf1bUJZNWY0,https://www.youtube.com/watch?v=Zf1bUJZNWY0,https://www.youtube.com/embed/Zf1bUJZNWY0?autoplay=0
The Cox Clan,r98lt_ud8k0,https://www.youtube.com/watch?v=r98lt_ud8k0,https://www.youtube.com/embed/r98lt_ud8k0?autoplay=0
TheLearningStation - Kids Songs and Nursery Rhymes,mUb65tbOtoI,https://www.youtube.com/watch?v=mUb65tbOtoI,https://www.youtube.com/embed/mUb65tbOtoI?autoplay=0
The Spiffing Brit,_yKFJm75qO0,https://www.youtube.com/watch?v=_yKFJm75qO0,https://www.youtube.com/embed/_yKFJm75qO0?autoplay=0
Beauty and the Bolt,gfwX5niNBdY,https://www.youtube.com/watch?v=gfwX5niNBdY,https://www.youtube.com/embed/gfwX5niNBdY?autoplay=0
It's Bloody Science!,iCZB0kCCgYo,https://www.youtube.com/watch?v=iCZB0kCCgYo,https://www.youtube.com/embed/iCZB0kCCgYo?autoplay=0
Peter D,zIyshL3PdD4,https://www.youtube.com/watch?v=zIyshL3PdD4,https://www.youtube.com/embed/zIyshL3PdD4?autoplay=0
The Coding Train,HhceJ5xxl-4,https://www.youtube.com/watch?v=HhceJ5xxl-4,https://www.youtube.com/embed/HhceJ5xxl-4?autoplay=0
Popcorned Planet,g6u6N7mj7Yc,https://www.youtube.com/watch?v=g6u6N7mj7Yc,https://www.youtube.com/embed/g6u6N7mj7Yc?autoplay=0
Squashy Boy,pDkDExI6cRg,https://www.youtube.com/watch?v=pDkDExI6cRg,https://www.youtube.com/embed/pDkDExI6cRg?autoplay=0
HDblog,67bWwGOXeuI,https://www.youtube.com/watch?v=67bWwGOXeuI,https://www.youtube.com/embed/67bWwGOXeuI?autoplay=0
HHerrie 3tuo epiw,Hj2XekNq_uA,https://www.youtube.com/watch?v=Hj2XekNq_uA,https://www.youtube.com/embed/Hj2XekNq_uA?autoplay=0
nakedzombo,q7XJ7CQwcfk,https://www.youtube.com/watch?v=q7XJ7CQwcfk,https://www.youtube.com/embed/q7XJ7CQwcfk?autoplay=0
Flop Studios,NqvrWWCJ28A,https://www.youtube.com/watch?v=NqvrWWCJ28A,https://www.youtube.com/embed/NqvrWWCJ28A?autoplay=0
HarleyTBS,Gml2cjfoq_Y,https://www.youtube.com/watch?v=Gml2cjfoq_Y,https://www.youtube.com/embed/Gml2cjfoq_Y?autoplay=0
thebrainscoop,smGmC-o4CvU,https://www.youtube.com/watch?v=smGmC-o4CvU,https://www.youtube.com/embed/smGmC-o4CvU?autoplay=0
Magentium,FfjycKKp6Oc,https://www.youtube.com/watch?v=FfjycKKp6Oc,https://www.youtube.com/embed/FfjycKKp6Oc?autoplay=0
Asher Plus,PeyYmhPcOiY,https://www.youtube.com/watch?v=PeyYmhPcOiY,https://www.youtube.com/embed/PeyYmhPcOiY?autoplay=0
PurpleAsianYT,5wzFCBZrxd4,https://www.youtube.com/watch?v=5wzFCBZrxd4,https://www.youtube.com/embed/5wzFCBZrxd4?autoplay=0
Funnymations Studios,wpCKfvlnRmo,https://www.youtube.com/watch?v=wpCKfvlnRmo,https://www.youtube.com/embed/wpCKfvlnRmo?autoplay=0
Demon Koluwa,mmIRe9Q4V8w,https://www.youtube.com/watch?v=mmIRe9Q4V8w,https://www.youtube.com/embed/mmIRe9Q4V8w?autoplay=0
Dave Erasmus,HgfJ-nMP2J8,https://www.youtube.com/watch?v=HgfJ-nMP2J8,https://www.youtube.com/embed/HgfJ-nMP2J8?autoplay=0
Elgin,EuSl1dDre4w,https://www.youtube.com/watch?v=EuSl1dDre4w,https://www.youtube.com/embed/EuSl1dDre4w?autoplay=0
Teens World TV,1p-0iUf-A9Q,https://www.youtube.com/watch?v=1p-0iUf-A9Q,https://www.youtube.com/embed/1p-0iUf-A9Q?autoplay=0
DroneSeed,0eqSMC-Ndtk,https://www.youtube.com/watch?v=0eqSMC-Ndtk,https://www.youtube.com/embed/0eqSMC-Ndtk?autoplay=0
Looster Booster,GP-V5vEyVY8,https://www.youtube.com/watch?v=GP-V5vEyVY8,https://www.youtube.com/embed/GP-V5vEyVY8?autoplay=0
burritoshake,gb3iEfNyn9E,https://www.youtube.com/watch?v=gb3iEfNyn9E,https://www.youtube.com/embed/gb3iEfNyn9E?autoplay=0
KairosTime Gaming,3JBwSJkfiHw,https://www.youtube.com/watch?v=3JBwSJkfiHw,https://www.youtube.com/embed/3JBwSJkfiHw?autoplay=0
Woods Tree Farm,6dzeb90a18w,https://www.youtube.com/watch?v=6dzeb90a18w,https://www.youtube.com/embed/6dzeb90a18w?autoplay=0
LyricWulf,ALecFekVo8A,https://www.youtube.com/watch?v=ALecFekVo8A,https://www.youtube.com/embed/ALecFekVo8A?autoplay=0
B-Rus,-665K6Mu6os,https://www.youtube.com/watch?v=-665K6Mu6os,https://www.youtube.com/embed/-665K6Mu6os?autoplay=0
tomty gaming,r3yxUTbF-04,https://www.youtube.com/watch?v=r3yxUTbF-04,https://www.youtube.com/embed/r3yxUTbF-04?autoplay=0
LabTrekking,C9ms3kVRYvk,https://www.youtube.com/watch?v=C9ms3kVRYvk,https://www.youtube.com/embed/C9ms3kVRYvk?autoplay=0
I Like To Make Stuff,C7EguktQ_eo,https://www.youtube.com/watch?v=C7EguktQ_eo,https://www.youtube.com/embed/C7EguktQ_eo?autoplay=0
JUST MULCH IT,MkJJLU6yacI,https://www.youtube.com/watch?v=MkJJLU6yacI,https://www.youtube.com/embed/MkJJLU6yacI?autoplay=0
James Bruton,3oSwgljqTJw,https://www.youtube.com/watch?v=3oSwgljqTJw,https://www.youtube.com/embed/3oSwgljqTJw?autoplay=0
crazy raul,qRz0KBh1BgU,https://www.youtube.com/watch?v=qRz0KBh1BgU,https://www.youtube.com/embed/qRz0KBh1BgU?autoplay=0
ReddishEarth,jaJOYbr96sU,https://www.youtube.com/watch?v=jaJOYbr96sU,https://www.youtube.com/embed/jaJOYbr96sU?autoplay=0
Skitty Kat,EP5L95GUI8Q,https://www.youtube.com/watch?v=EP5L95GUI8Q,https://www.youtube.com/embed/EP5L95GUI8Q?autoplay=0
aston405 a křišťálový vodopád - 432Hz,5bKEHD0w_qc,https://www.youtube.com/watch?v=5bKEHD0w_qc,https://www.youtube.com/embed/5bKEHD0w_qc?autoplay=0
PixelSheep,uRU-sRJdfmM,https://www.youtube.com/watch?v=uRU-sRJdfmM,https://www.youtube.com/embed/uRU-sRJdfmM?autoplay=0
SeaPeeKay,d2f0S4GPMus,https://www.youtube.com/watch?v=d2f0S4GPMus,https://www.youtube.com/embed/d2f0S4GPMus?autoplay=0
Clixoom nature,vQ8xdKy2RFM,https://www.youtube.com/watch?v=vQ8xdKy2RFM,https://www.youtube.com/embed/vQ8xdKy2RFM?autoplay=0
SammyCheez,C4bXjb9lrb4,https://www.youtube.com/watch?v=C4bXjb9lrb4,https://www.youtube.com/embed/C4bXjb9lrb4?autoplay=0
PlaydohSnek,XFxPPWpzNd4,https://www.youtube.com/watch?v=XFxPPWpzNd4,https://www.youtube.com/embed/XFxPPWpzNd4?autoplay=0
GeminiTay,16kOHOuijnc,https://www.youtube.com/watch?v=16kOHOuijnc,https://www.youtube.com/embed/16kOHOuijnc?autoplay=0
Bright Idea,43-CpsLHx7w,https://www.youtube.com/watch?v=43-CpsLHx7w,https://www.youtube.com/embed/43-CpsLHx7w?autoplay=0
Jain Tajal,1zP5ejGTUX0,https://www.youtube.com/watch?v=1zP5ejGTUX0,https://www.youtube.com/embed/1zP5ejGTUX0?autoplay=0
PogoKieng,Kvy4c-Vab_Y,https://www.youtube.com/watch?v=Kvy4c-Vab_Y,https://www.youtube.com/embed/Kvy4c-Vab_Y?autoplay=0
RagingRaptorDE,2GbdCZnK4Sw,https://www.youtube.com/watch?v=2GbdCZnK4Sw,https://www.youtube.com/embed/2GbdCZnK4Sw?autoplay=0
MemesVerse,6LzY5dc4hGk,https://www.youtube.com/watch?v=6LzY5dc4hGk,https://www.youtube.com/embed/6LzY5dc4hGk?autoplay=0
ShiroPlayzzz,Ut0MJP-pmUA,https://www.youtube.com/watch?v=Ut0MJP-pmUA,https://www.youtube.com/embed/Ut0MJP-pmUA?autoplay=0
ShiroPlayzzz,tUQ8BfnRPa0,https://www.youtube.com/watch?v=tUQ8BfnRPa0,https://www.youtube.com/embed/tUQ8BfnRPa0?autoplay=0
Alex Dainis,L76DEVvVkDk,https://www.youtube.com/watch?v=L76DEVvVkDk,https://www.youtube.com/embed/L76DEVvVkDk?autoplay=0
Anna Baillie-Karas,9Qtbryjh_0E,https://www.youtube.com/watch?v=9Qtbryjh_0E,https://www.youtube.com/embed/9Qtbryjh_0E?autoplay=0
Nature League,Y7YLVMhMLi4,https://www.youtube.com/watch?v=Y7YLVMhMLi4,https://www.youtube.com/embed/Y7YLVMhMLi4?autoplay=0
Vailskibum94,2HkecNkioOA,https://www.youtube.com/watch?v=2HkecNkioOA,https://www.youtube.com/embed/2HkecNkioOA?autoplay=0
Little Cat,l7AU39s8nUg,https://www.youtube.com/watch?v=l7AU39s8nUg,https://www.youtube.com/embed/l7AU39s8nUg?autoplay=0
JTR Productions,pm2uj1jddwE,https://www.youtube.com/watch?v=pm2uj1jddwE,https://www.youtube.com/embed/pm2uj1jddwE?autoplay=0
EddieVR,eTrrBMrU4q0,https://www.youtube.com/watch?v=eTrrBMrU4q0,https://www.youtube.com/embed/eTrrBMrU4q0?autoplay=0
Daily Clickbait,5TEDhySjOQM,https://www.youtube.com/watch?v=5TEDhySjOQM,https://www.youtube.com/embed/5TEDhySjOQM?autoplay=0
Alliterative,Nl-WunKwjrY,https://www.youtube.com/watch?v=Nl-WunKwjrY,https://www.youtube.com/embed/Nl-WunKwjrY?autoplay=0
Gamers Paradise,fS1OAnVWMcI,https://www.youtube.com/watch?v=fS1OAnVWMcI,https://www.youtube.com/embed/fS1OAnVWMcI?autoplay=0
TheQuartering,CJ-HVyJKwwk,https://www.youtube.com/watch?v=CJ-HVyJKwwk,https://www.youtube.com/embed/CJ-HVyJKwwk?autoplay=0
Christopher Bill,zemBSB9XDYU,https://www.youtube.com/watch?v=zemBSB9XDYU,https://www.youtube.com/embed/zemBSB9XDYU?autoplay=0
Shelos1Life,79SFSNUZgvU,https://www.youtube.com/watch?v=79SFSNUZgvU,https://www.youtube.com/embed/79SFSNUZgvU?autoplay=0
GRamers,WT8Ltlb4PGg,https://www.youtube.com/watch?v=WT8Ltlb4PGg,https://www.youtube.com/embed/WT8Ltlb4PGg?autoplay=0
GT4tube,JnY4IpLU0EY,https://www.youtube.com/watch?v=JnY4IpLU0EY,https://www.youtube.com/embed/JnY4IpLU0EY?autoplay=0
VictoryPlays,-UJFaRXy0dU,https://www.youtube.com/watch?v=-UJFaRXy0dU,https://www.youtube.com/embed/-UJFaRXy0dU?autoplay=0
Ant Lab,yqdD4lc20Wk,https://www.youtube.com/watch?v=yqdD4lc20Wk,https://www.youtube.com/embed/yqdD4lc20Wk?autoplay=0
GoldieBlox,JxeHWtlrG2g,https://www.youtube.com/watch?v=JxeHWtlrG2g,https://www.youtube.com/embed/JxeHWtlrG2g?autoplay=0
Kleric,VaGvewsHE-Y,https://www.youtube.com/watch?v=VaGvewsHE-Y,https://www.youtube.com/embed/VaGvewsHE-Y?autoplay=0
Jax Channel,OIWsBK4D6vY,https://www.youtube.com/watch?v=OIWsBK4D6vY,https://www.youtube.com/embed/OIWsBK4D6vY?autoplay=0
Oliwan,VboR3NZmIyA,https://www.youtube.com/watch?v=VboR3NZmIyA,https://www.youtube.com/embed/VboR3NZmIyA?autoplay=0
Kira hello,F4L3bPWjp6U,https://www.youtube.com/watch?v=F4L3bPWjp6U,https://www.youtube.com/embed/F4L3bPWjp6U?autoplay=0
Rachel O'Leary,pjBxxU7xPXI,https://www.youtube.com/watch?v=pjBxxU7xPXI,https://www.youtube.com/embed/pjBxxU7xPXI?autoplay=0
GyLala,3TQxsTpywdk,https://www.youtube.com/watch?v=3TQxsTpywdk,https://www.youtube.com/embed/3TQxsTpywdk?autoplay=0
Save Our Planet,c6vlx549NNQ,https://www.youtube.com/watch?v=c6vlx549NNQ,https://www.youtube.com/embed/c6vlx549NNQ?autoplay=0
The Roving Naturalist,cqOAB0eIfdQ,https://www.youtube.com/watch?v=cqOAB0eIfdQ,https://www.youtube.com/embed/cqOAB0eIfdQ?autoplay=0
PFGamerFP,wjnrUCtTzvo,https://www.youtube.com/watch?v=wjnrUCtTzvo,https://www.youtube.com/embed/wjnrUCtTzvo?autoplay=0
Errichto,TnCVAEsYGKs,https://www.youtube.com/watch?v=TnCVAEsYGKs,https://www.youtube.com/embed/TnCVAEsYGKs?autoplay=0
What's Trending,txkH0C6EZQU,https://www.youtube.com/watch?v=txkH0C6EZQU,https://www.youtube.com/embed/txkH0C6EZQU?autoplay=0
It's Easy,_-nod7RKIIU,https://www.youtube.com/watch?v=_-nod7RKIIU,https://www.youtube.com/embed/_-nod7RKIIU?autoplay=0
slimmi,LTg_J93Queo,https://www.youtube.com/watch?v=LTg_J93Queo,https://www.youtube.com/embed/LTg_J93Queo?autoplay=0
The Science Asylum,rvFMBRnR3ms,https://www.youtube.com/watch?v=rvFMBRnR3ms,https://www.youtube.com/embed/rvFMBRnR3ms?autoplay=0
FilthyRamenKing,GStwq8evbs8,https://www.youtube.com/watch?v=GStwq8evbs8,https://www.youtube.com/embed/GStwq8evbs8?autoplay=0
COCO,BNBPLdsWrkQ,https://www.youtube.com/watch?v=BNBPLdsWrkQ,https://www.youtube.com/embed/BNBPLdsWrkQ?autoplay=0
Allanah The Voice Actor,8yEG58ua6oo,https://www.youtube.com/watch?v=8yEG58ua6oo,https://www.youtube.com/embed/8yEG58ua6oo?autoplay=0
1TechSketch,Xm1t_e9Y_0w,https://www.youtube.com/watch?v=Xm1t_e9Y_0w,https://www.youtube.com/embed/Xm1t_e9Y_0w?autoplay=0
UNTAMED,X94X_y8ZE1k,https://www.youtube.com/watch?v=X94X_y8ZE1k,https://www.youtube.com/embed/X94X_y8ZE1k?autoplay=0
UNTAMED,91XgCVpuW_0,https://www.youtube.com/watch?v=91XgCVpuW_0,https://www.youtube.com/embed/91XgCVpuW_0?autoplay=0
UNTAMED,J3PR4Fpamag,https://www.youtube.com/watch?v=J3PR4Fpamag,https://www.youtube.com/embed/J3PR4Fpamag?autoplay=0
The Milkssiah,xS0-9IR4aI8,https://www.youtube.com/watch?v=xS0-9IR4aI8,https://www.youtube.com/embed/xS0-9IR4aI8?autoplay=0
Cuarentaydos,D_18E2F8nkI,https://www.youtube.com/watch?v=D_18E2F8nkI,https://www.youtube.com/embed/D_18E2F8nkI?autoplay=0
Prodigy,l1r1KLa5RWo,https://www.youtube.com/watch?v=l1r1KLa5RWo,https://www.youtube.com/embed/l1r1KLa5RWo?autoplay=0
Rike Games,I6GhfoM2HE0,https://www.youtube.com/watch?v=I6GhfoM2HE0,https://www.youtube.com/embed/I6GhfoM2HE0?autoplay=0
Michaelmcchill,i7SMA3TukG0,https://www.youtube.com/watch?v=i7SMA3TukG0,https://www.youtube.com/embed/i7SMA3TukG0?autoplay=0
Elmations,q_e47QXH_HQ,https://www.youtube.com/watch?v=q_e47QXH_HQ,https://www.youtube.com/embed/q_e47QXH_HQ?autoplay=0
SMS Studios,M_NA-rUQMQI,https://www.youtube.com/watch?v=M_NA-rUQMQI,https://www.youtube.com/embed/M_NA-rUQMQI?autoplay=0
Sealdrop,tz3nHo8ZWDA,https://www.youtube.com/watch?v=tz3nHo8ZWDA,https://www.youtube.com/embed/tz3nHo8ZWDA?autoplay=0
Silly Bob Science,14z9kVr1t3U,https://www.youtube.com/watch?v=14z9kVr1t3U,https://www.youtube.com/embed/14z9kVr1t3U?autoplay=0
Science Mom,UOFofBL0Tac,https://www.youtube.com/watch?v=UOFofBL0Tac,https://www.youtube.com/embed/UOFofBL0Tac?autoplay=0
BiteSizedBits,rX29UBkP5_A,https://www.youtube.com/watch?v=rX29UBkP5_A,https://www.youtube.com/embed/rX29UBkP5_A?autoplay=0
BDre,fCCK9nHUuCE,https://www.youtube.com/watch?v=fCCK9nHUuCE,https://www.youtube.com/embed/fCCK9nHUuCE?autoplay=0
Burnt_Toast,6kt0T0r-Kuk,https://www.youtube.com/watch?v=6kt0T0r-Kuk,https://www.youtube.com/embed/6kt0T0r-Kuk?autoplay=0
Liquid Zoo Productions,PJX4tEkpTXA,https://www.youtube.com/watch?v=PJX4tEkpTXA,https://www.youtube.com/embed/PJX4tEkpTXA?autoplay=0
RevUpBoys,psLRTLJqDMM,https://www.youtube.com/watch?v=psLRTLJqDMM,https://www.youtube.com/embed/psLRTLJqDMM?autoplay=0
The Friendly Reviewer,OC71zf3cGf8,https://www.youtube.com/watch?v=OC71zf3cGf8,https://www.youtube.com/embed/OC71zf3cGf8?autoplay=0
CaptainJackAttack,ouxmQoWNebE,https://www.youtube.com/watch?v=ouxmQoWNebE,https://www.youtube.com/embed/ouxmQoWNebE?autoplay=0
CaptainJackAttack,uzXnU5MNoEI,https://www.youtube.com/watch?v=uzXnU5MNoEI,https://www.youtube.com/embed/uzXnU5MNoEI?autoplay=0
Dominic Draws,4YV7T64PXiA,https://www.youtube.com/watch?v=4YV7T64PXiA,https://www.youtube.com/embed/4YV7T64PXiA?autoplay=0
Krishna Das,3KMP6YRY60U,https://www.youtube.com/watch?v=3KMP6YRY60U,https://www.youtube.com/embed/3KMP6YRY60U?autoplay=0
Voipeak,QIpxdLU4ETc,https://www.youtube.com/watch?v=QIpxdLU4ETc,https://www.youtube.com/embed/QIpxdLU4ETc?autoplay=0
AppleDude,z7H3pDdJ6t8,https://www.youtube.com/watch?v=z7H3pDdJ6t8,https://www.youtube.com/embed/z7H3pDdJ6t8?autoplay=0
SageTheMemer,CsZfgC5nStU,https://www.youtube.com/watch?v=CsZfgC5nStU,https://www.youtube.com/embed/CsZfgC5nStU?autoplay=0
Zenith Corps.,8nrj_06W06c,https://www.youtube.com/watch?v=8nrj_06W06c,https://www.youtube.com/embed/8nrj_06W06c?autoplay=0
Wolfpack Ninja,EJdjQQDgYq4,https://www.youtube.com/watch?v=EJdjQQDgYq4,https://www.youtube.com/embed/EJdjQQDgYq4?autoplay=0
FunkTyper,hO-3qt7hZfk,https://www.youtube.com/watch?v=hO-3qt7hZfk,https://www.youtube.com/embed/hO-3qt7hZfk?autoplay=0
Doctor Mike,j3Xj6SNIY94,https://www.youtube.com/watch?v=j3Xj6SNIY94,https://www.youtube.com/embed/j3Xj6SNIY94?autoplay=0
UmbreonLibris,Vi_yur1Jy1Y,https://www.youtube.com/watch?v=Vi_yur1Jy1Y,https://www.youtube.com/embed/Vi_yur1Jy1Y?autoplay=0
Captain Argonut 24,axITdRHpGAw,https://www.youtube.com/watch?v=axITdRHpGAw,https://www.youtube.com/embed/axITdRHpGAw?autoplay=0
Crossing Channel,YTFsHCBKwNo,https://www.youtube.com/watch?v=YTFsHCBKwNo,https://www.youtube.com/embed/YTFsHCBKwNo?autoplay=0
Gulf City,hCOwI8qtcBc,https://www.youtube.com/watch?v=hCOwI8qtcBc,https://www.youtube.com/embed/hCOwI8qtcBc?autoplay=0
SappyFX,MqsnABVT-wA,https://www.youtube.com/watch?v=MqsnABVT-wA,https://www.youtube.com/embed/MqsnABVT-wA?autoplay=0
Angel Menendez ?! ϟ,kFp0tB0AoBU,https://www.youtube.com/watch?v=kFp0tB0AoBU,https://www.youtube.com/embed/kFp0tB0AoBU?autoplay=0
Ethanol,BvDomCZjOls,https://www.youtube.com/watch?v=BvDomCZjOls,https://www.youtube.com/embed/BvDomCZjOls?autoplay=0
Ashton Obadiah,Tzv-2xOcXOA,https://www.youtube.com/watch?v=Tzv-2xOcXOA,https://www.youtube.com/embed/Tzv-2xOcXOA?autoplay=0
Bashurman,_NuFKMjHesE,https://www.youtube.com/watch?v=_NuFKMjHesE,https://www.youtube.com/embed/_NuFKMjHesE?autoplay=0
Skyehigh Studios,DeVuApRos8o,https://www.youtube.com/watch?v=DeVuApRos8o,https://www.youtube.com/embed/DeVuApRos8o?autoplay=0
DARKLE,IFlwwFGJ4L8,https://www.youtube.com/watch?v=IFlwwFGJ4L8,https://www.youtube.com/embed/IFlwwFGJ4L8?autoplay=0
Lilette,6EpNJyVVUuw,https://www.youtube.com/watch?v=6EpNJyVVUuw,https://www.youtube.com/embed/6EpNJyVVUuw?autoplay=0
Repaid Tiger,DkGJnPXhJdI,https://www.youtube.com/watch?v=DkGJnPXhJdI,https://www.youtube.com/embed/DkGJnPXhJdI?autoplay=0
Charmx,Q46iP7Ox7Vs,https://www.youtube.com/watch?v=Q46iP7Ox7Vs,https://www.youtube.com/embed/Q46iP7Ox7Vs?autoplay=0
I Need More Space,1rBFpEYRhDw,https://www.youtube.com/watch?v=1rBFpEYRhDw,https://www.youtube.com/embed/1rBFpEYRhDw?autoplay=0
penguinz0,gfqDmQGvSVk,https://www.youtube.com/watch?v=gfqDmQGvSVk,https://www.youtube.com/embed/gfqDmQGvSVk?autoplay=0
everydAI,djg3YDMF1Bc,https://www.youtube.com/watch?v=djg3YDMF1Bc,https://www.youtube.com/embed/djg3YDMF1Bc?autoplay=0
StayFatGuys,lnjS6qnoeUk,https://www.youtube.com/watch?v=lnjS6qnoeUk,https://www.youtube.com/embed/lnjS6qnoeUk?autoplay=0
Nizzahon Magic,W_qq8nUqwYg,https://www.youtube.com/watch?v=W_qq8nUqwYg,https://www.youtube.com/embed/W_qq8nUqwYg?autoplay=0
Cloud Pop,zyCmsldG3qk,https://www.youtube.com/watch?v=zyCmsldG3qk,https://www.youtube.com/embed/zyCmsldG3qk?autoplay=0
Ajar,7P53SXEudBk,https://www.youtube.com/watch?v=7P53SXEudBk,https://www.youtube.com/embed/7P53SXEudBk?autoplay=0
Kimchi & Tofu,6Gt26XzTVuo,https://www.youtube.com/watch?v=6Gt26XzTVuo,https://www.youtube.com/embed/6Gt26XzTVuo?autoplay=0
Swag Adam,6SuAd8iGr3k,https://www.youtube.com/watch?v=6SuAd8iGr3k,https://www.youtube.com/embed/6SuAd8iGr3k?autoplay=0
Tea & Clickbait,DxiZWfsTwlY,https://www.youtube.com/watch?v=DxiZWfsTwlY,https://www.youtube.com/embed/DxiZWfsTwlY?autoplay=0
Katelyn McCaigue,E526bXa40Ug,https://www.youtube.com/watch?v=E526bXa40Ug,https://www.youtube.com/embed/E526bXa40Ug?autoplay=0
Carlos Bravo,gxwGcEm8b48,https://www.youtube.com/watch?v=gxwGcEm8b48,https://www.youtube.com/embed/gxwGcEm8b48?autoplay=0
Tyler Cenci,gvUjCIYNV50,https://www.youtube.com/watch?v=gvUjCIYNV50,https://www.youtube.com/embed/gvUjCIYNV50?autoplay=0
Charles.S,rjmIEtYKJrM,https://www.youtube.com/watch?v=rjmIEtYKJrM,https://www.youtube.com/embed/rjmIEtYKJrM?autoplay=0
Chillchief,FuZmjR9t3fk,https://www.youtube.com/watch?v=FuZmjR9t3fk,https://www.youtube.com/embed/FuZmjR9t3fk?autoplay=0
JurassicTigerCat,A_V219c4XJI,https://www.youtube.com/watch?v=A_V219c4XJI,https://www.youtube.com/embed/A_V219c4XJI?autoplay=0
Toys 4 You JucariiPentruTine,SArqcyrEStk,https://www.youtube.com/watch?v=SArqcyrEStk,https://www.youtube.com/embed/SArqcyrEStk?autoplay=0
Luke and Dad vids,ldwhOh0N5e4,https://www.youtube.com/watch?v=ldwhOh0N5e4,https://www.youtube.com/embed/ldwhOh0N5e4?autoplay=0
DRC,Y4OrP_c8hfc,https://www.youtube.com/watch?v=Y4OrP_c8hfc,https://www.youtube.com/embed/Y4OrP_c8hfc?autoplay=0
atola visuals,8tDUoTLn6TU,https://www.youtube.com/watch?v=8tDUoTLn6TU,https://www.youtube.com/embed/8tDUoTLn6TU?autoplay=0
4oli,oRc8AeYpzFg,https://www.youtube.com/watch?v=oRc8AeYpzFg,https://www.youtube.com/embed/oRc8AeYpzFg?autoplay=0
Dark5,W5u2HCxsxjM,https://www.youtube.com/watch?v=W5u2HCxsxjM,https://www.youtube.com/embed/W5u2HCxsxjM?autoplay=0
Little Whispers Podcast,WRKTOAhOiUI,https://www.youtube.com/watch?v=WRKTOAhOiUI,https://www.youtube.com/embed/WRKTOAhOiUI?autoplay=0
hikyletaggart,gIujYl56sJQ,https://www.youtube.com/watch?v=gIujYl56sJQ,https://www.youtube.com/embed/gIujYl56sJQ?autoplay=0
NoahGod,KitiUbQil5Q,https://www.youtube.com/watch?v=KitiUbQil5Q,https://www.youtube.com/embed/KitiUbQil5Q?autoplay=0
RandomPolishGuy,AD3ivXp6xPM,https://www.youtube.com/watch?v=AD3ivXp6xPM,https://www.youtube.com/embed/AD3ivXp6xPM?autoplay=0
Mark Conlow,j1f68pu1_C4,https://www.youtube.com/watch?v=j1f68pu1_C4,https://www.youtube.com/embed/j1f68pu1_C4?autoplay=0
Claw Craziness,EpVnGX2nRtg,https://www.youtube.com/watch?v=EpVnGX2nRtg,https://www.youtube.com/embed/EpVnGX2nRtg?autoplay=0
This is a human Lol,bQVfAB1kCYU,https://www.youtube.com/watch?v=bQVfAB1kCYU,https://www.youtube.com/embed/bQVfAB1kCYU?autoplay=0
Juju Playz,kvrwbIXrKhM,https://www.youtube.com/watch?v=kvrwbIXrKhM,https://www.youtube.com/embed/kvrwbIXrKhM?autoplay=0
Muneercoolkidd Gamer,ILLR41JhhbA,https://www.youtube.com/watch?v=ILLR41JhhbA,https://www.youtube.com/embed/ILLR41JhhbA?autoplay=0
- Da CookieAnimates -,qpU0RfwHv1k,https://www.youtube.com/watch?v=qpU0RfwHv1k,https://www.youtube.com/embed/qpU0RfwHv1k?autoplay=0
YungCrippTV,EhZTfygNoB4,https://www.youtube.com/watch?v=EhZTfygNoB4,https://www.youtube.com/embed/EhZTfygNoB4?autoplay=0
EpicEagle787,n-aoUh3enBk,https://www.youtube.com/watch?v=n-aoUh3enBk,https://www.youtube.com/embed/n-aoUh3enBk?autoplay=0
EpicEagle787,ZOlVZsbb_jo,https://www.youtube.com/watch?v=ZOlVZsbb_jo,https://www.youtube.com/embed/ZOlVZsbb_jo?autoplay=0
Uncivil Law,JW4njWmvx0o,https://www.youtube.com/watch?v=JW4njWmvx0o,https://www.youtube.com/embed/JW4njWmvx0o?autoplay=0
•Cookii•,RRUKFon2m_o,https://www.youtube.com/watch?v=RRUKFon2m_o,https://www.youtube.com/embed/RRUKFon2m_o?autoplay=0
Luke The Orange,5Nsgok2jIPw,https://www.youtube.com/watch?v=5Nsgok2jIPw,https://www.youtube.com/embed/5Nsgok2jIPw?autoplay=0
Nicovald,pqK5-QY-bds,https://www.youtube.com/watch?v=pqK5-QY-bds,https://www.youtube.com/embed/pqK5-QY-bds?autoplay=0
Elijah Jay's Creative Outlet,yKV3SJXgIQI,https://www.youtube.com/watch?v=yKV3SJXgIQI,https://www.youtube.com/embed/yKV3SJXgIQI?autoplay=0
MartinRBLX,SbFa1jyQzBc,https://www.youtube.com/watch?v=SbFa1jyQzBc,https://www.youtube.com/embed/SbFa1jyQzBc?autoplay=0
Bless Gaming,_mKJFeVCtuU,https://www.youtube.com/watch?v=_mKJFeVCtuU,https://www.youtube.com/embed/_mKJFeVCtuU?autoplay=0
Garrett Plays,wgy1ZxvTbqA,https://www.youtube.com/watch?v=wgy1ZxvTbqA,https://www.youtube.com/embed/wgy1ZxvTbqA?autoplay=0
PhotoshopSurgeon,XemaFKMVuII,https://www.youtube.com/watch?v=XemaFKMVuII,https://www.youtube.com/embed/XemaFKMVuII?autoplay=0
RegisKillbin,jFM3DPuBpjA,https://www.youtube.com/watch?v=jFM3DPuBpjA,https://www.youtube.com/embed/jFM3DPuBpjA?autoplay=0
Everything YTZ,e5L6WyLrW3w,https://www.youtube.com/watch?v=e5L6WyLrW3w,https://www.youtube.com/embed/e5L6WyLrW3w?autoplay=0
Everything YTZ,HCVDafXpEH4,https://www.youtube.com/watch?v=HCVDafXpEH4,https://www.youtube.com/embed/HCVDafXpEH4?autoplay=0
Everything YTZ,o6NcRvdQH2U,https://www.youtube.com/watch?v=o6NcRvdQH2U,https://www.youtube.com/embed/o6NcRvdQH2U?autoplay=0
Simple Solutions Math Videos,8Fxr1C4ihgs,https://www.youtube.com/watch?v=8Fxr1C4ihgs,https://www.youtube.com/embed/8Fxr1C4ihgs?autoplay=0
Sororus,O-z3gX0XbsY,https://www.youtube.com/watch?v=O-z3gX0XbsY,https://www.youtube.com/embed/O-z3gX0XbsY?autoplay=0
Visiq Flushy,mDAJ2vxsa7k,https://www.youtube.com/watch?v=mDAJ2vxsa7k,https://www.youtube.com/embed/mDAJ2vxsa7k?autoplay=0
Shannon Morse,2Vy7vHu2L8A,https://www.youtube.com/watch?v=2Vy7vHu2L8A,https://www.youtube.com/embed/2Vy7vHu2L8A?autoplay=0
Christina Plays Gacha,-wZSlrvGKHk,https://www.youtube.com/watch?v=-wZSlrvGKHk,https://www.youtube.com/embed/-wZSlrvGKHk?autoplay=0
Hey Nadine,HbsIgHWzbcQ,https://www.youtube.com/watch?v=HbsIgHWzbcQ,https://www.youtube.com/embed/HbsIgHWzbcQ?autoplay=0
OurEden,_UEQWWCV5fA,https://www.youtube.com/watch?v=_UEQWWCV5fA,https://www.youtube.com/embed/_UEQWWCV5fA?autoplay=0
• T i n y x W o l f•,fhyc3wRM17Q,https://www.youtube.com/watch?v=fhyc3wRM17Q,https://www.youtube.com/embed/fhyc3wRM17Q?autoplay=0
The Revealers,jGHx0ac881o,https://www.youtube.com/watch?v=jGHx0ac881o,https://www.youtube.com/embed/jGHx0ac881o?autoplay=0
Smashy,rxvL2oY2tu4,https://www.youtube.com/watch?v=rxvL2oY2tu4,https://www.youtube.com/embed/rxvL2oY2tu4?autoplay=0
NOTORIOUS Nateezy,Q8MyARY6b18,https://www.youtube.com/watch?v=Q8MyARY6b18,https://www.youtube.com/embed/Q8MyARY6b18?autoplay=0
Socratica Kids,SWPqQxz-7gg,https://www.youtube.com/watch?v=SWPqQxz-7gg,https://www.youtube.com/embed/SWPqQxz-7gg?autoplay=0
Mikey McBryan,LR_TeOiGxPU,https://www.youtube.com/watch?v=LR_TeOiGxPU,https://www.youtube.com/embed/LR_TeOiGxPU?autoplay=0
Da Pixel Penguin,6Psak9H0z4o,https://www.youtube.com/watch?v=6Psak9H0z4o,https://www.youtube.com/embed/6Psak9H0z4o?autoplay=0
DiligenceG13,FKVFnRhkjkY,https://www.youtube.com/watch?v=FKVFnRhkjkY,https://www.youtube.com/embed/FKVFnRhkjkY?autoplay=0
DiligenceG13,DRtTCh4Mpzk,https://www.youtube.com/watch?v=DRtTCh4Mpzk,https://www.youtube.com/embed/DRtTCh4Mpzk?autoplay=0
DiligenceG13,wpOQ1_aqm60,https://www.youtube.com/watch?v=wpOQ1_aqm60,https://www.youtube.com/embed/wpOQ1_aqm60?autoplay=0
DiligenceG13,dhG53sxzNZA,https://www.youtube.com/watch?v=dhG53sxzNZA,https://www.youtube.com/embed/dhG53sxzNZA?autoplay=0
DiligenceG13,bYFx86um_-8,https://www.youtube.com/watch?v=bYFx86um_-8,https://www.youtube.com/embed/bYFx86um_-8?autoplay=0
DiligenceG13,ekJaZAtzITo,https://www.youtube.com/watch?v=ekJaZAtzITo,https://www.youtube.com/embed/ekJaZAtzITo?autoplay=0
Venatix,BF_fJgP6VYU,https://www.youtube.com/watch?v=BF_fJgP6VYU,https://www.youtube.com/embed/BF_fJgP6VYU?autoplay=0
あRøse,CTkT_Ulkp1c,https://www.youtube.com/watch?v=CTkT_Ulkp1c,https://www.youtube.com/embed/CTkT_Ulkp1c?autoplay=0
Fraser | iVexusHD,W6-GZm3yres,https://www.youtube.com/watch?v=W6-GZm3yres,https://www.youtube.com/embed/W6-GZm3yres?autoplay=0
Fraser | iVexusHD,3kALfmBXDmw,https://www.youtube.com/watch?v=3kALfmBXDmw,https://www.youtube.com/embed/3kALfmBXDmw?autoplay=0
DigzGwentplayer,OphfgCZ8Jgk,https://www.youtube.com/watch?v=OphfgCZ8Jgk,https://www.youtube.com/embed/OphfgCZ8Jgk?autoplay=0
Jay Kim,9iHYHTFZ9To,https://www.youtube.com/watch?v=9iHYHTFZ9To,https://www.youtube.com/embed/9iHYHTFZ9To?autoplay=0
iListen,sMyO0Q_6f2A,https://www.youtube.com/watch?v=sMyO0Q_6f2A,https://www.youtube.com/embed/sMyO0Q_6f2A?autoplay=0
Kati Morton,vkx1N3zhdew,https://www.youtube.com/watch?v=vkx1N3zhdew,https://www.youtube.com/embed/vkx1N3zhdew?autoplay=0
vTochku,YHfZf12w0S8,https://www.youtube.com/watch?v=YHfZf12w0S8,https://www.youtube.com/embed/YHfZf12w0S8?autoplay=0
Science IRL,1csta3vITK0,https://www.youtube.com/watch?v=1csta3vITK0,https://www.youtube.com/embed/1csta3vITK0?autoplay=0
RantingOff,SQe0p99hsHU,https://www.youtube.com/watch?v=SQe0p99hsHU,https://www.youtube.com/embed/SQe0p99hsHU?autoplay=0
Sertzio,0XXJD0lL8q4,https://www.youtube.com/watch?v=0XXJD0lL8q4,https://www.youtube.com/embed/0XXJD0lL8q4?autoplay=0
Anton Petrov,mucAJW6qEvk,https://www.youtube.com/watch?v=mucAJW6qEvk,https://www.youtube.com/embed/mucAJW6qEvk?autoplay=0
Big Chungus Official,_jwXnEYzDkw,https://www.youtube.com/watch?v=_jwXnEYzDkw,https://www.youtube.com/embed/_jwXnEYzDkw?autoplay=0
Learn Audio Engineering,l3cnu4qGHnk,https://www.youtube.com/watch?v=l3cnu4qGHnk,https://www.youtube.com/embed/l3cnu4qGHnk?autoplay=0
Alx Z4nd3r,QFbdROwurwg,https://www.youtube.com/watch?v=QFbdROwurwg,https://www.youtube.com/embed/QFbdROwurwg?autoplay=0
DatPags,Wwd5jb_TzQQ,https://www.youtube.com/watch?v=Wwd5jb_TzQQ,https://www.youtube.com/embed/Wwd5jb_TzQQ?autoplay=0
Ripply 5987,1r38O_8j-YU,https://www.youtube.com/watch?v=1r38O_8j-YU,https://www.youtube.com/embed/1r38O_8j-YU?autoplay=0
DignityJ,fkJKHJtkFjo,https://www.youtube.com/watch?v=fkJKHJtkFjo,https://www.youtube.com/embed/fkJKHJtkFjo?autoplay=0
CHF,Db6-X_Lgq-o,https://www.youtube.com/watch?v=Db6-X_Lgq-o,https://www.youtube.com/embed/Db6-X_Lgq-o?autoplay=0
AKVedit,f-ve9nA-7u4,https://www.youtube.com/watch?v=f-ve9nA-7u4,https://www.youtube.com/embed/f-ve9nA-7u4?autoplay=0
BLiTz5,LgttB-zIa4Y,https://www.youtube.com/watch?v=LgttB-zIa4Y,https://www.youtube.com/embed/LgttB-zIa4Y?autoplay=0
xXgalaxy GamerXx,e_Xwr6meJcs,https://www.youtube.com/watch?v=e_Xwr6meJcs,https://www.youtube.com/embed/e_Xwr6meJcs?autoplay=0
ScienceBob,s4H1b6yKJvE,https://www.youtube.com/watch?v=s4H1b6yKJvE,https://www.youtube.com/embed/s4H1b6yKJvE?autoplay=0
Mysterion Productions,C6I1qbkNR5k,https://www.youtube.com/watch?v=C6I1qbkNR5k,https://www.youtube.com/embed/C6I1qbkNR5k?autoplay=0
McCann Dog Training,74-JnHMXZzQ,https://www.youtube.com/watch?v=74-JnHMXZzQ,https://www.youtube.com/embed/74-JnHMXZzQ?autoplay=0
My Clean Leaves,JNaZ9i3wxg0,https://www.youtube.com/watch?v=JNaZ9i3wxg0,https://www.youtube.com/embed/JNaZ9i3wxg0?autoplay=0
Sir Moose Gaming,5_Zw8M-MVQ8,https://www.youtube.com/watch?v=5_Zw8M-MVQ8,https://www.youtube.com/embed/5_Zw8M-MVQ8?autoplay=0
TruthsAnd Lies,BeRggaSVFkc,https://www.youtube.com/watch?v=BeRggaSVFkc,https://www.youtube.com/embed/BeRggaSVFkc?autoplay=0
TeraBrite Games,ss_vsOsydM4,https://www.youtube.com/watch?v=ss_vsOsydM4,https://www.youtube.com/embed/ss_vsOsydM4?autoplay=0
Angelo Zen Studios,P6m6YKjMlss,https://www.youtube.com/watch?v=P6m6YKjMlss,https://www.youtube.com/embed/P6m6YKjMlss?autoplay=0
Whatyou'dexpect,sXl2zv_rKxM,https://www.youtube.com/watch?v=sXl2zv_rKxM,https://www.youtube.com/embed/sXl2zv_rKxM?autoplay=0
MiffedCrew,-y61pNr8k60,https://www.youtube.com/watch?v=-y61pNr8k60,https://www.youtube.com/embed/-y61pNr8k60?autoplay=0
FatZebraHD,5OdDk5yzevE,https://www.youtube.com/watch?v=5OdDk5yzevE,https://www.youtube.com/embed/5OdDk5yzevE?autoplay=0
Cinthia Reyes,FdNy2oukSJY,https://www.youtube.com/watch?v=FdNy2oukSJY,https://www.youtube.com/embed/FdNy2oukSJY?autoplay=0
7 Sage Labs,VY5EvRwH588,https://www.youtube.com/watch?v=VY5EvRwH588,https://www.youtube.com/embed/VY5EvRwH588?autoplay=0
7 Sage Labs,RCSDQ5WBkP4,https://www.youtube.com/watch?v=RCSDQ5WBkP4,https://www.youtube.com/embed/RCSDQ5WBkP4?autoplay=0
Rurikhan,S3k1BmdSG8s,https://www.youtube.com/watch?v=S3k1BmdSG8s,https://www.youtube.com/embed/S3k1BmdSG8s?autoplay=0
Lord Spink,ut7KVg04Xng,https://www.youtube.com/watch?v=ut7KVg04Xng,https://www.youtube.com/embed/ut7KVg04Xng?autoplay=0
TheMammottGamer,ALqQpYzGB_U,https://www.youtube.com/watch?v=ALqQpYzGB_U,https://www.youtube.com/embed/ALqQpYzGB_U?autoplay=0
AnimalWonders Montana,gJVo_fewmcM,https://www.youtube.com/watch?v=gJVo_fewmcM,https://www.youtube.com/embed/gJVo_fewmcM?autoplay=0
Xioty Sev,ovUqBPn6wLk,https://www.youtube.com/watch?v=ovUqBPn6wLk,https://www.youtube.com/embed/ovUqBPn6wLk?autoplay=0
Xioty Sev,d31p93Kdyc8,https://www.youtube.com/watch?v=d31p93Kdyc8,https://www.youtube.com/embed/d31p93Kdyc8?autoplay=0
Xioty Sev,j6PObVVwDfQ,https://www.youtube.com/watch?v=j6PObVVwDfQ,https://www.youtube.com/embed/j6PObVVwDfQ?autoplay=0
Xioty Sev,An9S3OMrAEg,https://www.youtube.com/watch?v=An9S3OMrAEg,https://www.youtube.com/embed/An9S3OMrAEg?autoplay=0
Xioty Sev,yKt06x0FwA4,https://www.youtube.com/watch?v=yKt06x0FwA4,https://www.youtube.com/embed/yKt06x0FwA4?autoplay=0
The Grain Doctor,1Bql9vOJxF8,https://www.youtube.com/watch?v=1Bql9vOJxF8,https://www.youtube.com/embed/1Bql9vOJxF8?autoplay=0
VLT Sentinel,yfdl6Ijzpr8,https://www.youtube.com/watch?v=yfdl6Ijzpr8,https://www.youtube.com/embed/yfdl6Ijzpr8?autoplay=0
VLT Sentinel,egi58q-iyqU,https://www.youtube.com/watch?v=egi58q-iyqU,https://www.youtube.com/embed/egi58q-iyqU?autoplay=0
LegendofTotalWar,hoslcOiENSg,https://www.youtube.com/watch?v=hoslcOiENSg,https://www.youtube.com/embed/hoslcOiENSg?autoplay=0
LegendofTotalWar,CLVU9H-zrws,https://www.youtube.com/watch?v=CLVU9H-zrws,https://www.youtube.com/embed/CLVU9H-zrws?autoplay=0
LegendofTotalWar,ZTVkaIxzea0,https://www.youtube.com/watch?v=ZTVkaIxzea0,https://www.youtube.com/embed/ZTVkaIxzea0?autoplay=0
RichardiOS275,vXdKMmkVrcw,https://www.youtube.com/watch?v=vXdKMmkVrcw,https://www.youtube.com/embed/vXdKMmkVrcw?autoplay=0
Amor Sciendi,H3f1-XuTUMQ,https://www.youtube.com/watch?v=H3f1-XuTUMQ,https://www.youtube.com/embed/H3f1-XuTUMQ?autoplay=0
STILL NOT CLICKED,HT4HvwCbPd0,https://www.youtube.com/watch?v=HT4HvwCbPd0,https://www.youtube.com/embed/HT4HvwCbPd0?autoplay=0
♡a u t m n n _♡,zh3cfvTmRaE,https://www.youtube.com/watch?v=zh3cfvTmRaE,https://www.youtube.com/embed/zh3cfvTmRaE?autoplay=0
BramP,3baNM8LwAm4,https://www.youtube.com/watch?v=3baNM8LwAm4,https://www.youtube.com/embed/3baNM8LwAm4?autoplay=0
Keysight Labs,I2-LO8v43BY,https://www.youtube.com/watch?v=I2-LO8v43BY,https://www.youtube.com/embed/I2-LO8v43BY?autoplay=0
Azikel 2,hdIMP0_B2L0,https://www.youtube.com/watch?v=hdIMP0_B2L0,https://www.youtube.com/embed/hdIMP0_B2L0?autoplay=0
Ian_does_things,dwmnAfrTN-g,https://www.youtube.com/watch?v=dwmnAfrTN-g,https://www.youtube.com/embed/dwmnAfrTN-g?autoplay=0
ScamFinder,28ct2NPJPps,https://www.youtube.com/watch?v=28ct2NPJPps,https://www.youtube.com/embed/28ct2NPJPps?autoplay=0
Animal Facts,C7s6aOWyfKQ,https://www.youtube.com/watch?v=C7s6aOWyfKQ,https://www.youtube.com/embed/C7s6aOWyfKQ?autoplay=0
Gingie,GSuWsJXRPOk,https://www.youtube.com/watch?v=GSuWsJXRPOk,https://www.youtube.com/embed/GSuWsJXRPOk?autoplay=0
CedDrawsNear,1zjWZTiOCyA,https://www.youtube.com/watch?v=1zjWZTiOCyA,https://www.youtube.com/embed/1zjWZTiOCyA?autoplay=0
smitch idk.,QvBW1vZr1V4,https://www.youtube.com/watch?v=QvBW1vZr1V4,https://www.youtube.com/embed/QvBW1vZr1V4?autoplay=0
Scott Waldron,0cgUnEBqB2E,https://www.youtube.com/watch?v=0cgUnEBqB2E,https://www.youtube.com/embed/0cgUnEBqB2E?autoplay=0
SGA BOT,cffevWpGPG0,https://www.youtube.com/watch?v=cffevWpGPG0,https://www.youtube.com/embed/cffevWpGPG0?autoplay=0
Mike's Bakes,rtOhyOGD-s4,https://www.youtube.com/watch?v=rtOhyOGD-s4,https://www.youtube.com/embed/rtOhyOGD-s4?autoplay=0
Covist,6ijrKBwajcY,https://www.youtube.com/watch?v=6ijrKBwajcY,https://www.youtube.com/embed/6ijrKBwajcY?autoplay=0
XtringoPlayz,EHjYKqUhXAs,https://www.youtube.com/watch?v=EHjYKqUhXAs,https://www.youtube.com/embed/EHjYKqUhXAs?autoplay=0
BoomPlaysRB,sDRGiSGhrXk,https://www.youtube.com/watch?v=sDRGiSGhrXk,https://www.youtube.com/embed/sDRGiSGhrXk?autoplay=0
Bird Keeper Toby,ln3g53guigA,https://www.youtube.com/watch?v=ln3g53guigA,https://www.youtube.com/embed/ln3g53guigA?autoplay=0
MattTV,eXei4dzbPNk,https://www.youtube.com/watch?v=eXei4dzbPNk,https://www.youtube.com/embed/eXei4dzbPNk?autoplay=0
Kristina Smallhorn,sBaG_xBQbzo,https://www.youtube.com/watch?v=sBaG_xBQbzo,https://www.youtube.com/embed/sBaG_xBQbzo?autoplay=0
MoJo's Mojo,WfezB3DEAmI,https://www.youtube.com/watch?v=WfezB3DEAmI,https://www.youtube.com/embed/WfezB3DEAmI?autoplay=0
GCROCK,ojslrOwVvFk,https://www.youtube.com/watch?v=ojslrOwVvFk,https://www.youtube.com/embed/ojslrOwVvFk?autoplay=0
PsycheWaffles,PYsaQbZWiaI,https://www.youtube.com/watch?v=PYsaQbZWiaI,https://www.youtube.com/embed/PYsaQbZWiaI?autoplay=0
Stream - R Λ Z Ξ,ZOD_zGZrgNY,https://www.youtube.com/watch?v=ZOD_zGZrgNY,https://www.youtube.com/embed/ZOD_zGZrgNY?autoplay=0
Stream - R Λ Z Ξ,tV9s49_-PaA,https://www.youtube.com/watch?v=tV9s49_-PaA,https://www.youtube.com/embed/tV9s49_-PaA?autoplay=0
Stream - R Λ Z Ξ,RsEheSWznG8,https://www.youtube.com/watch?v=RsEheSWznG8,https://www.youtube.com/embed/RsEheSWznG8?autoplay=0
Stream - R Λ Z Ξ,xFZFuMMiMHM,https://www.youtube.com/watch?v=xFZFuMMiMHM,https://www.youtube.com/embed/xFZFuMMiMHM?autoplay=0
Stream - R Λ Z Ξ,SGC1b0sQLlM,https://www.youtube.com/watch?v=SGC1b0sQLlM,https://www.youtube.com/embed/SGC1b0sQLlM?autoplay=0
Stream - R Λ Z Ξ,a6ZrcTPQ7C4,https://www.youtube.com/watch?v=a6ZrcTPQ7C4,https://www.youtube.com/embed/a6ZrcTPQ7C4?autoplay=0
Stream - R Λ Z Ξ,62CjkhsSqlA,https://www.youtube.com/watch?v=62CjkhsSqlA,https://www.youtube.com/embed/62CjkhsSqlA?autoplay=0
Stream - R Λ Z Ξ,aRV8ereupss,https://www.youtube.com/watch?v=aRV8ereupss,https://www.youtube.com/embed/aRV8ereupss?autoplay=0
Stream - R Λ Z Ξ,ma7yo_mEqIo,https://www.youtube.com/watch?v=ma7yo_mEqIo,https://www.youtube.com/embed/ma7yo_mEqIo?autoplay=0
AciDic BliTzz,2tFmFxXGEoM,https://www.youtube.com/watch?v=2tFmFxXGEoM,https://www.youtube.com/embed/2tFmFxXGEoM?autoplay=0
Nathanael Newton,RNHlfJAUI_E,https://www.youtube.com/watch?v=RNHlfJAUI_E,https://www.youtube.com/embed/RNHlfJAUI_E?autoplay=0
Rosh Sillars,Qfx_C498KD4,https://www.youtube.com/watch?v=Qfx_C498KD4,https://www.youtube.com/embed/Qfx_C498KD4?autoplay=0
Gwendolyn Farms,_tz9IbQGXcI,https://www.youtube.com/watch?v=_tz9IbQGXcI,https://www.youtube.com/embed/_tz9IbQGXcI?autoplay=0
xZap,9PEPnSRn0So,https://www.youtube.com/watch?v=9PEPnSRn0So,https://www.youtube.com/embed/9PEPnSRn0So?autoplay=0
Kingflipper,vGCxFbd5vIo,https://www.youtube.com/watch?v=vGCxFbd5vIo,https://www.youtube.com/embed/vGCxFbd5vIo?autoplay=0
Color My World,PfbbGfDV-yU,https://www.youtube.com/watch?v=PfbbGfDV-yU,https://www.youtube.com/embed/PfbbGfDV-yU?autoplay=0
IceGrenade,IRLpy6qoaIw,https://www.youtube.com/watch?v=IRLpy6qoaIw,https://www.youtube.com/embed/IRLpy6qoaIw?autoplay=0
Active Galactic,RQv5LzFUOYo,https://www.youtube.com/watch?v=RQv5LzFUOYo,https://www.youtube.com/embed/RQv5LzFUOYo?autoplay=0
ReclusionsHD,vWsrT6YH25Q,https://www.youtube.com/watch?v=vWsrT6YH25Q,https://www.youtube.com/embed/vWsrT6YH25Q?autoplay=0
Christine Barger,l_F5lMpVbq0,https://www.youtube.com/watch?v=l_F5lMpVbq0,https://www.youtube.com/embed/l_F5lMpVbq0?autoplay=0
Jesse Hammond,afFGdsScSYU,https://www.youtube.com/watch?v=afFGdsScSYU,https://www.youtube.com/embed/afFGdsScSYU?autoplay=0
Slatt Attack,kBjmlyCFWq8,https://www.youtube.com/watch?v=kBjmlyCFWq8,https://www.youtube.com/embed/kBjmlyCFWq8?autoplay=0
꧁le Pαωєℓ( ‾ʖ̫‾)꧂,vNUkZSvlBVE,https://www.youtube.com/watch?v=vNUkZSvlBVE,https://www.youtube.com/embed/vNUkZSvlBVE?autoplay=0
Never Miss a Deal Again,lJVteWUTuVE,https://www.youtube.com/watch?v=lJVteWUTuVE,https://www.youtube.com/embed/lJVteWUTuVE?autoplay=0
Sky Max,FKRXCFflakc,https://www.youtube.com/watch?v=FKRXCFflakc,https://www.youtube.com/embed/FKRXCFflakc?autoplay=0
MisceryYT,FcK5VpsXHpI,https://www.youtube.com/watch?v=FcK5VpsXHpI,https://www.youtube.com/embed/FcK5VpsXHpI?autoplay=0
basicallybea,Bmc840V7aQg,https://www.youtube.com/watch?v=Bmc840V7aQg,https://www.youtube.com/embed/Bmc840V7aQg?autoplay=0
Galadon Gaming,7rmaLiaDQ3Q,https://www.youtube.com/watch?v=7rmaLiaDQ3Q,https://www.youtube.com/embed/7rmaLiaDQ3Q?autoplay=0
Grizzly,HZy8qPovz5Y,https://www.youtube.com/watch?v=HZy8qPovz5Y,https://www.youtube.com/embed/HZy8qPovz5Y?autoplay=0
BioBush,fWuq4rvNfbw,https://www.youtube.com/watch?v=fWuq4rvNfbw,https://www.youtube.com/embed/fWuq4rvNfbw?autoplay=0
VEE CINEMA,GgBSwCLJC-U,https://www.youtube.com/watch?v=GgBSwCLJC-U,https://www.youtube.com/embed/GgBSwCLJC-U?autoplay=0
DarkViperAU,ObPIzQqGnsg,https://www.youtube.com/watch?v=ObPIzQqGnsg,https://www.youtube.com/embed/ObPIzQqGnsg?autoplay=0
DVybz,3VUsgSFYz6M,https://www.youtube.com/watch?v=3VUsgSFYz6M,https://www.youtube.com/embed/3VUsgSFYz6M?autoplay=0
Campus Movie Fest,WH6blX2Cafk,https://www.youtube.com/watch?v=WH6blX2Cafk,https://www.youtube.com/embed/WH6blX2Cafk?autoplay=0
StarEisLiveNBA,UxnRcVTt07g,https://www.youtube.com/watch?v=UxnRcVTt07g,https://www.youtube.com/embed/UxnRcVTt07g?autoplay=0
Crayminecraft,r6TEacwWXIk,https://www.youtube.com/watch?v=r6TEacwWXIk,https://www.youtube.com/embed/r6TEacwWXIk?autoplay=0
Extreme_E FTW,g0hWoDrIx7c,https://www.youtube.com/watch?v=g0hWoDrIx7c,https://www.youtube.com/embed/g0hWoDrIx7c?autoplay=0
Vexily,KDu_RTsdY0Y,https://www.youtube.com/watch?v=KDu_RTsdY0Y,https://www.youtube.com/embed/KDu_RTsdY0Y?autoplay=0
Alex Sorientto Family,vSb6tGW-zhg,https://www.youtube.com/watch?v=vSb6tGW-zhg,https://www.youtube.com/embed/vSb6tGW-zhg?autoplay=0
Cepha,C3SvkACVQCI,https://www.youtube.com/watch?v=C3SvkACVQCI,https://www.youtube.com/embed/C3SvkACVQCI?autoplay=0
The Crane Couple,rokEqZGNCk4,https://www.youtube.com/watch?v=rokEqZGNCk4,https://www.youtube.com/embed/rokEqZGNCk4?autoplay=0
BennyG Playz,GPEt2b5L_qI,https://www.youtube.com/watch?v=GPEt2b5L_qI,https://www.youtube.com/embed/GPEt2b5L_qI?autoplay=0
Fax,JTvHW-JLxqY,https://www.youtube.com/watch?v=JTvHW-JLxqY,https://www.youtube.com/embed/JTvHW-JLxqY?autoplay=0
Kaizir,4sFd89NHDt4,https://www.youtube.com/watch?v=4sFd89NHDt4,https://www.youtube.com/embed/4sFd89NHDt4?autoplay=0
SubscribeLenover,Sm8u-6HAnw0,https://www.youtube.com/watch?v=Sm8u-6HAnw0,https://www.youtube.com/embed/Sm8u-6HAnw0?autoplay=0
TKNonline,iYQtiWrF6H0,https://www.youtube.com/watch?v=iYQtiWrF6H0,https://www.youtube.com/embed/iYQtiWrF6H0?autoplay=0
CaptainSparklez 2,iWRq6mmyqVo,https://www.youtube.com/watch?v=iWRq6mmyqVo,https://www.youtube.com/embed/iWRq6mmyqVo?autoplay=0
Realxar,oNA522_xSmg,https://www.youtube.com/watch?v=oNA522_xSmg,https://www.youtube.com/embed/oNA522_xSmg?autoplay=0
Alpha Defender,KM3daZvKqro,https://www.youtube.com/watch?v=KM3daZvKqro,https://www.youtube.com/embed/KM3daZvKqro?autoplay=0
melon bellon,TnZ6a0ADbMk,https://www.youtube.com/watch?v=TnZ6a0ADbMk,https://www.youtube.com/embed/TnZ6a0ADbMk?autoplay=0
Slippeatie,5zC83q7-azM,https://www.youtube.com/watch?v=5zC83q7-azM,https://www.youtube.com/embed/5zC83q7-azM?autoplay=0
STEP77,Ca7k3R4aGtk,https://www.youtube.com/watch?v=Ca7k3R4aGtk,https://www.youtube.com/embed/Ca7k3R4aGtk?autoplay=0
Matt Aulbach,XGu-tsMKcDE,https://www.youtube.com/watch?v=XGu-tsMKcDE,https://www.youtube.com/embed/XGu-tsMKcDE?autoplay=0
Stu’s Reviews,2ugaDKZDsno,https://www.youtube.com/watch?v=2ugaDKZDsno,https://www.youtube.com/embed/2ugaDKZDsno?autoplay=0
zander fire,zkWZ7S-eOgI,https://www.youtube.com/watch?v=zkWZ7S-eOgI,https://www.youtube.com/embed/zkWZ7S-eOgI?autoplay=0
music crow,ZQf1raWRmrQ,https://www.youtube.com/watch?v=ZQf1raWRmrQ,https://www.youtube.com/embed/ZQf1raWRmrQ?autoplay=0
The Weird Part of Youtube,FZY5OvdnGD8,https://www.youtube.com/watch?v=FZY5OvdnGD8,https://www.youtube.com/embed/FZY5OvdnGD8?autoplay=0
Broken Humor Gaming,xcTIT1WUeGo,https://www.youtube.com/watch?v=xcTIT1WUeGo,https://www.youtube.com/embed/xcTIT1WUeGo?autoplay=0
Zomb animations,TonkMeDNDsQ,https://www.youtube.com/watch?v=TonkMeDNDsQ,https://www.youtube.com/embed/TonkMeDNDsQ?autoplay=0
Trix-Pro777 YT,ouRgw5t4tWQ,https://www.youtube.com/watch?v=ouRgw5t4tWQ,https://www.youtube.com/embed/ouRgw5t4tWQ?autoplay=0
{TheSourceCode},1US7Mj7mM60,https://www.youtube.com/watch?v=1US7Mj7mM60,https://www.youtube.com/embed/1US7Mj7mM60?autoplay=0
n11,XZdrBrq-iXM,https://www.youtube.com/watch?v=XZdrBrq-iXM,https://www.youtube.com/embed/XZdrBrq-iXM?autoplay=0
Cringo,WCSF2MhHqbY,https://www.youtube.com/watch?v=WCSF2MhHqbY,https://www.youtube.com/embed/WCSF2MhHqbY?autoplay=0
Rocket Master80kvlogs,sfeWLJb8cms,https://www.youtube.com/watch?v=sfeWLJb8cms,https://www.youtube.com/embed/sfeWLJb8cms?autoplay=0
KitKatLand,srboGSSX8bA,https://www.youtube.com/watch?v=srboGSSX8bA,https://www.youtube.com/embed/srboGSSX8bA?autoplay=0
Funk'in Friday,ma4TzUlwYXs,https://www.youtube.com/watch?v=ma4TzUlwYXs,https://www.youtube.com/embed/ma4TzUlwYXs?autoplay=0
Jammi,E74PcN1ZYUA,https://www.youtube.com/watch?v=E74PcN1ZYUA,https://www.youtube.com/embed/E74PcN1ZYUA?autoplay=0
Ceynowa Pina,YThQ3MjUoNQ,https://www.youtube.com/watch?v=YThQ3MjUoNQ,https://www.youtube.com/embed/YThQ3MjUoNQ?autoplay=0
The Fast Food Gang,o8ZReXDSz9U,https://www.youtube.com/watch?v=o8ZReXDSz9U,https://www.youtube.com/embed/o8ZReXDSz9U?autoplay=0
SpACeFrOoT ENTeRtAinMeNT,FNsQkYlJGKk,https://www.youtube.com/watch?v=FNsQkYlJGKk,https://www.youtube.com/embed/FNsQkYlJGKk?autoplay=0
SpACeFrOoT ENTeRtAinMeNT,ertMFh4W7Ec,https://www.youtube.com/watch?v=ertMFh4W7Ec,https://www.youtube.com/embed/ertMFh4W7Ec?autoplay=0
SpACeFrOoT ENTeRtAinMeNT,mkgCuhs4Ed8,https://www.youtube.com/watch?v=mkgCuhs4Ed8,https://www.youtube.com/embed/mkgCuhs4Ed8?autoplay=0
SpACeFrOoT ENTeRtAinMeNT,P4Z3rfORr3g,https://www.youtube.com/watch?v=P4Z3rfORr3g,https://www.youtube.com/embed/P4Z3rfORr3g?autoplay=0
SpACeFrOoT ENTeRtAinMeNT,LV66qB3ITFU,https://www.youtube.com/watch?v=LV66qB3ITFU,https://www.youtube.com/embed/LV66qB3ITFU?autoplay=0
SpACeFrOoT ENTeRtAinMeNT,9R3Q95eePNA,https://www.youtube.com/watch?v=9R3Q95eePNA,https://www.youtube.com/embed/9R3Q95eePNA?autoplay=0
SpACeFrOoT ENTeRtAinMeNT,HxEfTTnmUlQ,https://www.youtube.com/watch?v=HxEfTTnmUlQ,https://www.youtube.com/embed/HxEfTTnmUlQ?autoplay=0
SpACeFrOoT ENTeRtAinMeNT,pYNE3FLi8dA,https://www.youtube.com/watch?v=pYNE3FLi8dA,https://www.youtube.com/embed/pYNE3FLi8dA?autoplay=0
SpACeFrOoT ENTeRtAinMeNT,TpZ2qEpjXhw,https://www.youtube.com/watch?v=TpZ2qEpjXhw,https://www.youtube.com/embed/TpZ2qEpjXhw?autoplay=0
SpACeFrOoT ENTeRtAinMeNT,Rd-1e-VE2lQ,https://www.youtube.com/watch?v=Rd-1e-VE2lQ,https://www.youtube.com/embed/Rd-1e-VE2lQ?autoplay=0
